hidden_layer   ,activation     ,epoch,eta  ,beta,alpha,mu  ,batch_size,test_score,history_loss                                                                                                                                                                                                                 ,history_score
"(64, 64)"     ,ReLu           ,10   ,0.001,0.1 ,0.001,0   ,512       ,0.0732    ,"[21.314494887978018, 21.314879589656563, 21.32364897034582, 21.316284198186235, 21.316033699229212, 21.315656160292722, 21.31972504214878, 21.31324955678853, 21.321891900987897, 21.30550725190509, 21.317071530910567]"   ,"[0.07556666666666667, 0.07555, 0.0756, 0.07563333333333333, 0.07571666666666667, 0.07573333333333333, 0.0757, 0.07576666666666666, 0.07575, 0.07581666666666667, 0.07581666666666667]"
"(64, 64)"     ,ReLu           ,10   ,0.001,0.1 ,0.001,0.85,512       ,0.0889    ,"[21.151857641735944, 21.137524751250638, 21.115697642690154, 21.09171087588813, 21.097324596208267, 21.075497583676007, 21.0673909851953, 21.03781456105495, 21.042030962058533, 21.02223672385728, 21.009175667603493]"    ,"[0.08281666666666666, 0.08351666666666667, 0.0844, 0.08501666666666667, 0.08535, 0.08601666666666667, 0.08651666666666667, 0.08723333333333333, 0.0877, 0.08835, 0.08906666666666667]"
"(64, 64)"     ,ReLu           ,10   ,0.001,0.1 ,0    ,0   ,512       ,0.0942    ,"[20.862603944391775, 20.858665686431227, 20.850153967613295, 20.855489671946927, 20.85028100819266, 20.848629480660833, 20.858157524113746, 20.851170292248266, 20.846342750232125, 20.84519938501778, 20.848121318343345]" ,"[0.09416666666666666, 0.09426666666666667, 0.09435, 0.09455, 0.09463333333333333, 0.09463333333333333, 0.09465, 0.09466666666666666, 0.09473333333333334, 0.09478333333333333, 0.0948]"
"(64, 64)"     ,ReLu           ,10   ,0.001,0.1 ,0    ,0.85,512       ,0.1281    ,"[20.413134374573158, 20.40576602096958, 20.377817093507698, 20.36155589934807, 20.34338909649786, 20.319378426996522, 20.294732554598333, 20.2716111691526, 20.252682122826155, 20.233371954761587, 20.218889328713168]"    ,"[0.1131, 0.114, 0.11493333333333333, 0.11571666666666666, 0.1168, 0.11763333333333334, 0.11856666666666667, 0.11943333333333334, 0.12055, 0.12146666666666667, 0.12231666666666667]"
"(64, 64)"     ,ReLu           ,10   ,0.001,0.2 ,0.001,0   ,512       ,0.0623    ,"[21.748958048170202, 21.741596371112404, 21.742238256143978, 21.728778642192818, 21.731707268390814, 21.731459885315516, 21.724225274683857, 21.722580454985753, 21.707342298058588, 21.69146894416217, 21.681312421890432]","[0.05823333333333333, 0.05848333333333333, 0.0586, 0.0589, 0.058916666666666666, 0.05921666666666667, 0.05931666666666666, 0.059533333333333334, 0.05998333333333333, 0.060533333333333335, 0.06105]"
"(64, 64)"     ,ReLu           ,10   ,0.001,0.2 ,0.001,0.85,512       ,0.1403    ,"[20.592632781413787, 20.54084393904945, 20.49439311056536, 20.43384088696866, 20.36769897253939, 20.302446437370886, 20.234907277236154, 20.139673358048533, 20.061081847624617, 19.982744504737123, 19.880396575260956]"   ,"[0.10828333333333333, 0.11033333333333334, 0.1128, 0.11523333333333333, 0.11798333333333333, 0.12098333333333333, 0.1243, 0.12803333333333333, 0.13161666666666666, 0.13533333333333333, 0.13945]"
"(64, 64)"     ,ReLu           ,10   ,0.001,0.2 ,0    ,0   ,512       ,0.1678    ,"[19.081876143332572, 19.078827169427637, 19.061549650633026, 19.050115998489535, 19.03969867098103, 19.037030818814205, 19.000316091375655, 18.98608754648598, 18.974780934921863, 18.97198604217566, 18.948991697309314]"  ,"[0.17088333333333333, 0.17145, 0.17191666666666666, 0.17263333333333333, 0.17323333333333332, 0.17356666666666667, 0.17466666666666666, 0.17521666666666666, 0.17578333333333335, 0.17626666666666665, 0.17676666666666666]"
"(64, 64)"     ,ReLu           ,10   ,0.001,0.2 ,0    ,0.85,512       ,0.1042    ,"[20.9057977413783, 20.881278909559473, 20.838466234311056, 20.815217808285954, 20.784601028657274, 20.765290860592714, 20.73289551285281, 20.701008327430415, 20.66327727535689, 20.619067153735386, 20.580319777026894]"   ,"[0.09191666666666666, 0.09335, 0.0945, 0.09573333333333334, 0.09721666666666667, 0.09835, 0.09976666666666667, 0.10123333333333333, 0.10266666666666667, 0.10438333333333333, 0.10615]"
"(64, 64)"     ,ReLu           ,10   ,0.01 ,0.1 ,0.001,0   ,512       ,0.0797    ,"[21.314494887978018, 21.308813893390404, 21.31685335307761, 21.301009254398984, 21.295201431693556, 21.28850439293781, 21.275709472907618, 21.26050085137236, 21.261045328059712, 21.241390420625642, 21.24345951766252]"   ,"[0.07556666666666667, 0.07581666666666667, 0.0759, 0.07623333333333333, 0.07663333333333333, 0.077, 0.07763333333333333, 0.07808333333333334, 0.07835, 0.07863333333333333, 0.07905]"
"(64, 64)"     ,ReLu           ,10   ,0.01 ,0.1 ,0.001,0.85,512       ,0.2261    ,"[21.151857641735944, 21.019582452814692, 20.850098888341698, 20.653685671905823, 20.42157690013074, 20.10219400752634, 19.7336490904986, 19.26461768256077, 18.795588827541547, 18.230519790688994, 17.690353152957364]"    ,"[0.08281666666666666, 0.08868333333333334, 0.09603333333333333, 0.10398333333333333, 0.11465, 0.12848333333333334, 0.1449, 0.16448333333333334, 0.18515, 0.20958333333333334, 0.23278333333333334]"
"(64, 64)"     ,ReLu           ,10   ,0.01 ,0.1 ,0    ,0   ,512       ,0.1096    ,"[20.862603944391775, 20.8464697908115, 20.80784945468238, 20.786252556189112, 20.752586802655504, 20.71091749262143, 20.7001190433748, 20.663023194198146, 20.624911020386506, 20.588958536424194, 20.54894075392196]"      ,"[0.09416666666666666, 0.0948, 0.0962, 0.09765, 0.09905, 0.10058333333333333, 0.10141666666666667, 0.10275, 0.1042, 0.10613333333333333, 0.10766666666666666]"
"(64, 64)"     ,ReLu           ,10   ,0.01 ,0.1 ,0    ,0.85,512       ,0.2653    ,"[20.413134374573158, 20.223208708411818, 19.95769389752407, 19.686335219985175, 19.400875038136, 19.07781084479266, 18.714093666050243, 18.30349851351951, 17.863429946574435, 17.405956820255387, 16.93400106788791]"      ,"[0.1131, 0.12198333333333333, 0.13301666666666667, 0.14488333333333334, 0.1578, 0.17156666666666667, 0.18718333333333334, 0.20485, 0.22438333333333332, 0.2441, 0.2651]"
"(64, 64)"     ,ReLu           ,10   ,0.01 ,0.2 ,0.001,0   ,512       ,0.1138    ,"[21.748958048170202, 21.682963950902415, 21.600709162635628, 21.487711011291736, 21.37852449752563, 21.267051637025478, 21.124073063328954, 20.97410759344855, 20.819696010984313, 20.653215874965888, 20.46780697223421]"  ,"[0.05823333333333333, 0.06105, 0.06486666666666667, 0.06923333333333333, 0.0743, 0.07925, 0.08565, 0.09185, 0.09875, 0.10581666666666667, 0.11378333333333333]"
"(64, 64)"     ,ReLu           ,10   ,0.01 ,0.2 ,0.001,0.85,512       ,0.347     ,"[20.592632781413787, 19.907054578179455, 19.051907941608146, 18.32088724240876, 17.69569770749038, 17.210258711585215, 16.768146117872764, 16.327055059006543, 15.898800175278513, 15.477029208871027, 15.069745630955511]" ,"[0.10828333333333333, 0.13785, 0.17526666666666665, 0.20718333333333333, 0.23418333333333333, 0.25521666666666665, 0.27471666666666666, 0.29388333333333333, 0.3124166666666667, 0.3311, 0.3487166666666667]"
"(64, 64)"     ,ReLu           ,10   ,0.01 ,0.2 ,0    ,0   ,512       ,0.243     ,"[19.081876143332572, 18.95928198423846, 18.797940448435853, 18.649048889411713, 18.472462484084442, 18.312645435234298, 18.117511105318698, 17.912340569632708, 17.73308631213863, 17.55929479955755, 17.351710492863486]"  ,"[0.17088333333333333, 0.17675, 0.1833, 0.19031666666666666, 0.19796666666666668, 0.20488333333333333, 0.21298333333333333, 0.22166666666666668, 0.22986666666666666, 0.23768333333333333, 0.24596666666666667]"
"(64, 64)"     ,ReLu           ,10   ,0.01 ,0.2 ,0    ,0.85,512       ,0.3691    ,"[20.9057977413783, 20.59924882335334, 20.15054149701096, 19.41103828448577, 18.484531339124793, 17.549766756104642, 16.70189792937502, 16.005334432677614, 15.401002396604374, 14.881787548710466, 14.393316521024607]"     ,"[0.09191666666666666, 0.10568333333333334, 0.12458333333333334, 0.15641666666666668, 0.19693333333333332, 0.2381, 0.27416666666666667, 0.3047, 0.33163333333333334, 0.35405, 0.37483333333333335]"
"(64, 64)"     ,LeakyReLu(0.03),10   ,0.001,0.1 ,0.001,0   ,512       ,0.1038    ,"[20.566434632419977, 20.57151984080657, 20.564917316476347, 20.568732120537778, 20.55692093383416, 20.563784712925553, 20.562644936211978, 20.56391893113147, 20.556554167348153, 20.556303676721807, 20.558085835867352]"  ,"[0.10798333333333333, 0.10805, 0.10805, 0.1081, 0.10818333333333334, 0.10831666666666667, 0.10836666666666667, 0.10838333333333333, 0.10841666666666666, 0.1085, 0.10856666666666667]"
"(64, 64)"     ,LeakyReLu(0.03),10   ,0.001,0.1 ,0.001,0.85,512       ,0.0978    ,"[21.026252740330516, 21.013825802520635, 21.01308778432433, 20.999645733565465, 20.990269007552456, 20.97644588622444, 20.965544723465626, 20.944861463265084, 20.94196390822993, 20.92991945634349, 20.922956652728715]"   ,"[0.08838333333333333, 0.08856666666666667, 0.08881666666666667, 0.08933333333333333, 0.08981666666666667, 0.09035, 0.0909, 0.09151666666666666, 0.09193333333333334, 0.09253333333333333, 0.09298333333333333]"
"(64, 64)"     ,LeakyReLu(0.03),10   ,0.001,0.1 ,0    ,0   ,512       ,0.1151    ,"[20.42469506729602, 20.428125162939065, 20.427108838304097, 20.41224509051755, 20.415421105001855, 20.40386041227899, 20.408687954295143, 20.393697165929225, 20.393951247087976, 20.39382420650859, 20.396619099254785]"   ,"[0.11288333333333334, 0.11295, 0.11306666666666666, 0.11328333333333333, 0.11343333333333333, 0.11365, 0.1138, 0.11395, 0.11408333333333333, 0.11423333333333334, 0.1144]"
"(64, 64)"     ,LeakyReLu(0.03),10   ,0.001,0.1 ,0    ,0.85,512       ,0.1084    ,"[20.645745675403536, 20.64485639134794, 20.637615078323716, 20.634057942101297, 20.62160796532283, 20.611063597234946, 20.60293300015513, 20.588958536424194, 20.580827939344374, 20.559993284327348, 20.56316929881164]"   ,"[0.103, 0.1034, 0.10371666666666667, 0.10401666666666666, 0.10441666666666667, 0.10473333333333333, 0.10523333333333333, 0.1057, 0.1062, 0.10675, 0.10711666666666667]"
"(64, 64)"     ,LeakyReLu(0.03),10   ,0.001,0.2 ,0.001,0   ,512       ,0.1026    ,"[20.763620423861994, 20.767819245679437, 20.764395640042565, 20.77024600494089, 20.768219861997476, 20.761366186044928, 20.76111862787687, 20.7590925092734, 20.762020980618587, 20.761138243022792, 20.757714701102927]"   ,"[0.10073333333333333, 0.10076666666666667, 0.10091666666666667, 0.10095, 0.10096666666666666, 0.10105, 0.10113333333333334, 0.10115, 0.10116666666666667, 0.10113333333333334, 0.10128333333333334]"
"(64, 64)"     ,LeakyReLu(0.03),10   ,0.001,0.2 ,0.001,0.85,512       ,0.1196    ,"[20.933033176644717, 20.876034260669133, 20.85816628103928, 20.833946555272217, 20.791560277904203, 20.732913029480713, 20.677696089261293, 20.642678795453314, 20.584667329861414, 20.523225930089694, 20.468136722260912]","[0.09346666666666667, 0.0956, 0.09725, 0.09816666666666667, 0.10016666666666667, 0.1023, 0.1045, 0.10646666666666667, 0.10871666666666667, 0.11111666666666667, 0.11381666666666666]"
"(64, 64)"     ,LeakyReLu(0.03),10   ,0.001,0.2 ,0    ,0   ,512       ,0.1034    ,"[20.68334968689768, 20.679665510095877, 20.674837968079753, 20.66797777679366, 20.662642072460024, 20.647270162356005, 20.641299255125507, 20.61932123489414, 20.626562547918347, 20.622497249378426, 20.608776866806238]"  ,"[0.1015, 0.10195, 0.10223333333333333, 0.10253333333333334, 0.10276666666666667, 0.10315, 0.1037, 0.10408333333333333, 0.10441666666666667, 0.10488333333333333, 0.10526666666666666]"
"(64, 64)"     ,LeakyReLu(0.03),10   ,0.001,0.2 ,0    ,0.85,512       ,0.1419    ,"[20.452643994757896, 20.42964964989154, 20.353425302268263, 20.302100908201915, 20.236802050404638, 20.177855221575964, 20.093246195714123, 20.035950894417308, 19.96988979314378, 19.897095541163562, 19.827731384826357]" ,"[0.11173333333333334, 0.11331666666666666, 0.11578333333333334, 0.11831666666666667, 0.1211, 0.12396666666666667, 0.1268, 0.12988333333333332, 0.1327, 0.13588333333333333, 0.13935]"
"(64, 64)"     ,LeakyReLu(0.03),10   ,0.01 ,0.1 ,0.001,0   ,512       ,0.1136    ,"[20.566434632419977, 20.559356241433445, 20.543639155773832, 20.53948283014979, 20.512205182136643, 20.49725053455376, 20.480898505107135, 20.461497565310776, 20.426724779158747, 20.40249642472436, 20.373313549278468]"  ,"[0.10798333333333333, 0.10858333333333334, 0.10898333333333333, 0.10938333333333333, 0.11021666666666667, 0.11123333333333334, 0.11195, 0.1128, 0.11403333333333333, 0.11516666666666667, 0.11651666666666667]"
"(64, 64)"     ,LeakyReLu(0.03),10   ,0.01 ,0.1 ,0.001,0.85,512       ,0.2583    ,"[21.026252740330516, 20.916593973526982, 20.752067792832506, 20.515003933334814, 20.195747292059597, 19.7804504122664, 19.30976627108284, 18.822696320178856, 18.33232570717794, 17.830142718372244, 17.34930493203864]"    ,"[0.08838333333333333, 0.0929, 0.10025, 0.11026666666666667, 0.1246, 0.1427, 0.16315, 0.1841, 0.20526666666666665, 0.22716666666666666, 0.24835]"
"(64, 64)"     ,LeakyReLu(0.03),10   ,0.01 ,0.1 ,0    ,0   ,512       ,0.1321    ,"[20.42469506729602, 20.391664516659265, 20.35190081531579, 20.30387947631312, 20.27008668220013, 20.21253729974455, 20.163499636106923, 20.106204334810087, 20.057293711751818, 20.009907575646004, 19.960869912008366]"    ,"[0.11288333333333334, 0.1144, 0.11628333333333334, 0.11795, 0.11971666666666667, 0.12201666666666666, 0.12445, 0.12645, 0.12873333333333334, 0.13095, 0.13316666666666666]"
"(64, 64)"     ,LeakyReLu(0.03),10   ,0.01 ,0.1 ,0    ,0.85,512       ,0.2033    ,"[20.645745675403536, 20.564058582867247, 20.425711391931003, 20.264623937287134, 20.04954423641011, 19.818584463111574, 19.542525284135927, 19.24550440956389, 18.928792245189147, 18.574603109899652, 18.2437894412146]"   ,"[0.103, 0.10693333333333334, 0.11298333333333334, 0.1201, 0.12943333333333334, 0.1391, 0.15131666666666665, 0.16423333333333334, 0.17786666666666667, 0.19285, 0.20775]"
"(64, 64)"     ,LeakyReLu(0.03),10   ,0.01 ,0.2 ,0.001,0   ,512       ,0.1314    ,"[20.763620423861994, 20.75441164934706, 20.729704671209344, 20.69877338729001, 20.667969756864384, 20.588129021513577, 20.51934130984357, 20.439247430261563, 20.360678434411245, 20.276011858382194, 20.16225331892573]"   ,"[0.10073333333333333, 0.10128333333333334, 0.10236666666666666, 0.10408333333333333, 0.10543333333333334, 0.10856666666666667, 0.11186666666666667, 0.11508333333333333, 0.11866666666666667, 0.1223, 0.12713333333333332]"
"(64, 64)"     ,LeakyReLu(0.03),10   ,0.01 ,0.2 ,0.001,0.85,512       ,0.4215    ,"[20.933033176644717, 20.481201361984898, 19.59124430005423, 18.379122306771954, 17.239674603304426, 16.30337054897787, 15.530445930199239, 14.865510670661562, 14.299798813059692, 13.852493292230356, 13.481924782926306]" ,"[0.09346666666666667, 0.11288333333333334, 0.1524, 0.20463333333333333, 0.25405, 0.29436666666666667, 0.32811666666666667, 0.357, 0.38183333333333336, 0.40141666666666664, 0.41815]"
"(64, 64)"     ,LeakyReLu(0.03),10   ,0.01 ,0.2 ,0    ,0   ,512       ,0.1528    ,"[20.68334968689768, 20.603441162472613, 20.50866889026101, 20.396110936937298, 20.284061145931062, 20.17480624767104, 20.038999868322207, 19.86393794994743, 19.752904483576177, 19.61925779407669, 19.477734588656133]"    ,"[0.1015, 0.10528333333333334, 0.1095, 0.11413333333333334, 0.11925, 0.12388333333333333, 0.12996666666666667, 0.1369, 0.14255, 0.14846666666666666, 0.15458333333333332]"
"(64, 64)"     ,LeakyReLu(0.03),10   ,0.01 ,0.2 ,0    ,0.85,512       ,0.3895    ,"[20.452643994757896, 19.85911040793129, 19.05125936370388, 18.321919397528468, 17.574285587923466, 16.829446671064645, 16.176839214829997, 15.567933717899352, 15.047702545370473, 14.576509036479228, 14.144189944875853]" ,"[0.11173333333333334, 0.13805, 0.17258333333333334, 0.20411666666666667, 0.23688333333333333, 0.26981666666666665, 0.29763333333333336, 0.3236833333333333, 0.3462166666666667, 0.36761666666666665, 0.3858]"
"(128, 64)"    ,ReLu           ,10   ,0.001,0.1 ,0.001,0   ,512       ,0.096     ,"[20.766074549439892, 20.772685629094354, 20.76456000239526, 20.77587158549268, 20.76177505392749, 20.76521012354215, 20.746540133497867, 20.753659381790477, 20.757094454483617, 20.752780052915075, 20.75659624934879]"    ,"[0.1, 0.1, 0.10006666666666666, 0.10015, 0.10011666666666667, 0.10018333333333333, 0.10035, 0.1004, 0.10046666666666666, 0.10036666666666667, 0.10041666666666667]"
"(128, 64)"    ,ReLu           ,10   ,0.001,0.1 ,0.001,0.85,512       ,0.121     ,"[20.499169433477796, 20.464391579885145, 20.45070410385968, 20.433586594287995, 20.39728601899153, 20.372927316624608, 20.357207431259393, 20.33754934634783, 20.31128520637545, 20.295057324241764, 20.27146114060769]"    ,"[0.11166666666666666, 0.1129, 0.11371666666666666, 0.11446666666666666, 0.11576666666666667, 0.11683333333333333, 0.11788333333333334, 0.11881666666666667, 0.11975, 0.12075, 0.12156666666666667]"
"(128, 64)"    ,ReLu           ,10   ,0.001,0.1 ,0    ,0   ,512       ,0.0702    ,"[21.454867125424652, 21.453088557313443, 21.443814595019273, 21.435683997939467, 21.433270226931388, 21.432889105193272, 21.43199982113767, 21.417517195089243, 21.420566168994178, 21.39998559513589, 21.40760802989821]"  ,"[0.06805, 0.0682, 0.06853333333333333, 0.06881666666666666, 0.06906666666666667, 0.0693, 0.06948333333333333, 0.06968333333333333, 0.06998333333333333, 0.07023333333333333, 0.07055]"
"(128, 64)"    ,ReLu           ,10   ,0.001,0.1 ,0    ,0.85,512       ,0.0977    ,"[21.339514279354756, 21.304959241765538, 21.255540456389774, 21.214125227514458, 21.18033243340147, 21.143744746542293, 21.097629016230208, 21.052148488814982, 21.016450086011428, 20.976940465826697, 20.92485382828411]" ,"[0.07316666666666667, 0.07475, 0.07676666666666666, 0.07843333333333333, 0.0802, 0.0818, 0.08381666666666666, 0.08551666666666667, 0.08715, 0.08916666666666667, 0.09108333333333334]"
"(128, 64)"    ,ReLu           ,10   ,0.001,0.2 ,0.001,0   ,512       ,0.1016    ,"[20.69387139859184, 20.67800039547333, 20.6848696647498, 20.664679299170526, 20.662909826630642, 20.64894446718982, 20.63358166965722, 20.639307616681354, 20.62521524183256, 20.6238269322647, 20.61570548069258]"         ,"[0.1049, 0.10523333333333333, 0.10558333333333333, 0.10603333333333333, 0.10661666666666667, 0.10708333333333334, 0.10746666666666667, 0.10765, 0.10805, 0.1084, 0.10868333333333334]"
"(128, 64)"    ,ReLu           ,10   ,0.001,0.2 ,0.001,0.85,512       ,0.1108    ,"[21.07881441524111, 21.03631493333593, 20.986577449263528, 20.92324695135221, 20.85813817713196, 20.797984247813112, 20.744436684710852, 20.700798523506567, 20.637977458197863, 20.570710179696277, 20.505348711004494]"   ,"[0.08821666666666667, 0.09015, 0.0924, 0.0951, 0.09795, 0.10058333333333333, 0.10278333333333334, 0.10476666666666666, 0.10751666666666666, 0.11053333333333333, 0.11325]"
"(128, 64)"    ,ReLu           ,10   ,0.001,0.2 ,0    ,0   ,512       ,0.124     ,"[20.274406061898773, 20.2693244387239, 20.26779995177145, 20.26945147930327, 20.255858137310444, 20.265386180763368, 20.26805403293019, 20.256874461945422, 20.254587731516732, 20.260939760485357, 20.24594897211943]"     ,"[0.1196, 0.11975, 0.11981666666666667, 0.11981666666666667, 0.11983333333333333, 0.12006666666666667, 0.12016666666666667, 0.12015, 0.12046666666666667, 0.12055, 0.1207]"
"(128, 64)"    ,ReLu           ,10   ,0.001,0.2 ,0    ,0.85,512       ,0.1413    ,"[21.36098413726864, 21.247790981048063, 21.119988158199718, 20.972239964389928, 20.818012701032146, 20.645745675403543, 20.474494974409897, 20.297654487923896, 20.123990015922182, 19.937621485983254, 19.757223863274838]","[0.0723, 0.07725, 0.0832, 0.08951666666666666, 0.0959, 0.10343333333333334, 0.11063333333333333, 0.11858333333333333, 0.12603333333333333, 0.13396666666666668, 0.14221666666666666]"
"(128, 64)"    ,ReLu           ,10   ,0.01 ,0.1 ,0.001,0   ,512       ,0.1122    ,"[20.766074549439892, 20.765235008857914, 20.73225430612857, 20.721251729247122, 20.690685007742886, 20.65846686164004, 20.60490599889735, 20.57649926643195, 20.53983499525385, 20.47611117679103, 20.436016999520124]"     ,"[0.1, 0.1004, 0.10148333333333333, 0.10261666666666666, 0.10323333333333333, 0.10471666666666667, 0.10648333333333333, 0.10823333333333333, 0.10998333333333334, 0.11226666666666667, 0.1146]"
"(128, 64)"    ,ReLu           ,10   ,0.01 ,0.1 ,0.001,0.85,512       ,0.2473    ,"[20.499169433477796, 20.275384788434366, 20.080332330899022, 19.839676696673553, 19.593562265997917, 19.308958224256, 18.963124149141244, 18.58921753297116, 18.195114820134936, 17.750580279098113, 17.259806208857775]"   ,"[0.11166666666666666, 0.12125, 0.12986666666666666, 0.14011666666666667, 0.15075, 0.16306666666666667, 0.17835, 0.19471666666666668, 0.21175, 0.23091666666666666, 0.2524666666666667]"
"(128, 64)"    ,ReLu           ,10   ,0.01 ,0.1 ,0    ,0   ,512       ,0.1009    ,"[21.454867125424652, 21.39935039223903, 21.34510406484714, 21.278661841835497, 21.215141552149433, 21.145777395812246, 21.079716294538738, 20.99586951215314, 20.935652277530743, 20.8410070458985, 20.773929619990017]"    ,"[0.06805, 0.07055, 0.07285, 0.07568333333333334, 0.07853333333333333, 0.08178333333333333, 0.08481666666666667, 0.08805, 0.0909, 0.09453333333333333, 0.0979]"
"(128, 64)"    ,ReLu           ,10   ,0.01 ,0.1 ,0    ,0.85,512       ,0.3546    ,"[21.339514279354756, 20.947594091991732, 20.47055671644935, 19.92656895557788, 19.320458351393437, 18.667215692261927, 17.960997111532233, 17.193036809227685, 16.397508701199385, 15.653177946658056, 14.93489051088802]"  ,"[0.07316666666666667, 0.09023333333333333, 0.11095, 0.13445, 0.16045, 0.18945, 0.2199, 0.25305, 0.2879833333333333, 0.3203166666666667, 0.35136666666666666]"
"(128, 64)"    ,ReLu           ,10   ,0.01 ,0.2 ,0.001,0   ,512       ,0.127     ,"[20.69387139859184, 20.599698370991504, 20.532839874616293, 20.483132586706684, 20.463026425817173, 20.410906664240365, 20.356881876548194, 20.32623310453913, 20.240703330045783, 20.15669853463681, 20.062912093920186]"  ,"[0.1049, 0.10873333333333333, 0.11216666666666666, 0.11398333333333334, 0.1153, 0.11736666666666666, 0.11951666666666666, 0.12115, 0.12453333333333333, 0.12871666666666667, 0.13275]"
"(128, 64)"    ,ReLu           ,10   ,0.01 ,0.2 ,0.001,0.85,512       ,0.4661    ,"[21.07881441524111, 20.529203927221364, 19.64679699019197, 18.48199210912391, 17.112408180691727, 15.869111217753174, 14.851064846498264, 14.017996530928652, 13.333826444134582, 12.774543654502063, 12.328206239261991]"  ,"[0.08821666666666667, 0.11213333333333333, 0.1501, 0.20085, 0.2607, 0.3151, 0.3592166666666667, 0.39575, 0.4252666666666667, 0.44903333333333334, 0.46858333333333335]"
"(128, 64)"    ,ReLu           ,10   ,0.01 ,0.2 ,0    ,0   ,512       ,0.1474    ,"[20.274406061898773, 20.250903554714935, 20.219397491030662, 20.220159734506897, 20.19017815777507, 20.17798226215533, 20.10086863047646, 20.025025404591286, 19.947911772912406, 19.823412005127707, 19.65673476499147]"   ,"[0.1196, 0.1207, 0.12193333333333334, 0.1219, 0.12285, 0.12381666666666667, 0.12711666666666666, 0.13, 0.13395, 0.13946666666666666, 0.14625]"
"(128, 64)"    ,ReLu           ,10   ,0.01 ,0.2 ,0    ,0.85,512       ,0.4702    ,"[21.36098413726864, 19.797241645777053, 18.055515302585096, 16.735436642329265, 15.738168094258013, 14.900589554457541, 14.184969970854318, 13.58902261301963, 13.045543014465647, 12.579558169328658, 12.21736547753871]"  ,"[0.0723, 0.14003333333333334, 0.21598333333333333, 0.2737833333333333, 0.31638333333333335, 0.35265, 0.3838, 0.4099333333333333, 0.4337, 0.4535, 0.4697]"
"(128, 64)"    ,LeakyReLu(0.03),10   ,0.001,0.1 ,0.001,0   ,512       ,0.145     ,"[19.658671400881325, 19.65461107479067, 19.671004282565445, 19.648650115405054, 19.649671416039684, 19.655139137862104, 19.648410965302126, 19.651718999604466, 19.642958180386334, 19.65185600267007, 19.635980913182458]" ,"[0.14785, 0.14788333333333334, 0.14803333333333332, 0.14821666666666666, 0.14831666666666668, 0.14836666666666667, 0.14851666666666666, 0.14851666666666666, 0.14868333333333333, 0.1488, 0.14891666666666667]"
"(128, 64)"    ,LeakyReLu(0.03),10   ,0.001,0.1 ,0.001,0.85,512       ,0.1377    ,"[20.559441596751967, 20.512595202313445, 20.456095363537774, 20.39184609569472, 20.32162596753917, 20.26322066277251, 20.206212848051965, 20.13027603094011, 20.045827540662557, 19.980308142866825, 19.900560245448233]"   ,"[0.1086, 0.11065, 0.11348333333333334, 0.11615, 0.11915, 0.12185, 0.12463333333333333, 0.12788333333333332, 0.13121666666666668, 0.1343, 0.13771666666666665]"
"(128, 64)"    ,LeakyReLu(0.03),10   ,0.001,0.1 ,0    ,0   ,512       ,0.115     ,"[20.370067618166, 20.364477832673632, 20.365748238467344, 20.355712032696967, 20.35850692544314, 20.344659502291584, 20.341483487807277, 20.333479931306837, 20.344659502291584, 20.329160551608183, 20.321665157425215]"   ,"[0.11541666666666667, 0.11551666666666667, 0.11575, 0.1159, 0.11606666666666667, 0.11616666666666667, 0.11645, 0.11658333333333333, 0.11681666666666667, 0.11713333333333334, 0.11731666666666667]"
"(128, 64)"    ,LeakyReLu(0.03),10   ,0.001,0.1 ,0    ,0.85,512       ,0.063     ,"[21.573777107716975, 21.577207203360015, 21.580256177264943, 21.582924029431776, 21.57936689320933, 21.576063838145682, 21.578985771471228, 21.58737044970979, 21.577715365677502, 21.580129136685574, 21.578477609153726]" ,"[0.06285, 0.0627, 0.063, 0.06288333333333333, 0.06275, 0.06275, 0.06255, 0.06261666666666667, 0.06275, 0.06271666666666667, 0.06293333333333333]"
"(128, 64)"    ,LeakyReLu(0.03),10   ,0.001,0.2 ,0.001,0   ,512       ,0.1429    ,"[20.04513041408473, 20.02062103711782, 19.995095342247307, 19.954197745524873, 19.905169559265246, 19.91140403177004, 19.872157984236082, 19.8477756912559, 19.823139323785053, 19.798248880858342, 19.775391093717474]"    ,"[0.13326666666666667, 0.13448333333333334, 0.1356, 0.1371, 0.13845, 0.13955, 0.14061666666666667, 0.1419, 0.14283333333333334, 0.14385, 0.14506666666666668]"
"(128, 64)"    ,LeakyReLu(0.03),10   ,0.001,0.2 ,0.001,0.85,512       ,0.1918    ,"[20.01924864707088, 19.86876421952545, 19.732384606911335, 19.59892728692115, 19.454290689828326, 19.341922705763164, 19.196016255239314, 19.066117174595085, 18.949176464290918, 18.84366962796874, 18.70398908037673]"    ,"[0.13448333333333334, 0.14085, 0.14681666666666668, 0.15258333333333332, 0.15855, 0.16411666666666666, 0.17006666666666667, 0.17553333333333335, 0.18065, 0.18548333333333333, 0.19123333333333334]"
"(128, 64)"    ,LeakyReLu(0.03),10   ,0.001,0.2 ,0    ,0   ,512       ,0.1485    ,"[19.69471989822375, 19.695228060541233, 19.692179086636305, 19.678585744643474, 19.684556651873976, 19.66562760554752, 19.65165314181659, 19.65050977660223, 19.628150634632753, 19.636154191133183, 19.616716982489255]"   ,"[0.14451666666666665, 0.14478333333333335, 0.14513333333333334, 0.14515, 0.14546666666666666, 0.14571666666666666, 0.14618333333333333, 0.14666666666666667, 0.14728333333333332, 0.14736666666666667, 0.14778333333333332]"
"(128, 64)"    ,LeakyReLu(0.03),10   ,0.001,0.2 ,0    ,0.85,512       ,0.1577    ,"[20.90058907762403, 20.757668425830396, 20.621735005902206, 20.462044997631438, 20.325222293647645, 20.16553228537686, 19.99974432929624, 19.85961857024877, 19.70069080545424, 19.529694185619338, 19.38804393961942]"     ,"[0.09243333333333334, 0.09846666666666666, 0.10448333333333333, 0.11103333333333333, 0.11766666666666667, 0.124, 0.13081666666666666, 0.13766666666666666, 0.14461666666666667, 0.15173333333333333, 0.15756666666666666]"
"(128, 64)"    ,LeakyReLu(0.03),10   ,0.01 ,0.1 ,0.001,0   ,512       ,0.1601    ,"[19.658671400881325, 19.633058981511034, 19.61989665035843, 19.580309999042594, 19.552157111985405, 19.518414546758017, 19.4774307770247, 19.443053222167592, 19.392541620319285, 19.358418354254873, 19.30689062971234]"   ,"[0.14785, 0.1489, 0.1502, 0.15128333333333333, 0.15273333333333333, 0.15428333333333333, 0.15593333333333334, 0.15758333333333333, 0.15965, 0.16143333333333335, 0.1634]"
"(128, 64)"    ,LeakyReLu(0.03),10   ,0.01 ,0.1 ,0.001,0.85,512       ,0.3875    ,"[20.559441596751967, 19.923412866356387, 19.179801122301168, 18.465793997026253, 17.782534615063238, 17.107155497649924, 16.436226347857364, 15.770382257099131, 15.170094457299932, 14.57120738498615, 14.023901995449602]","[0.1086, 0.13628333333333334, 0.16881666666666667, 0.19998333333333335, 0.22951666666666667, 0.2586333333333333, 0.28835, 0.31683333333333336, 0.3431, 0.36901666666666666, 0.39318333333333333]"
"(128, 64)"    ,LeakyReLu(0.03),10   ,0.01 ,0.1 ,0    ,0   ,512       ,0.134     ,"[20.370067618166, 20.322046279163335, 20.28838052562972, 20.23870765909522, 20.203263337450387, 20.14634915789168, 20.106331375389445, 20.04700342482267, 20.00787492637605, 19.957947978682803, 19.90662358461647]"        ,"[0.11541666666666667, 0.1173, 0.11913333333333333, 0.12101666666666666, 0.12278333333333333, 0.12476666666666666, 0.12673333333333334, 0.12896666666666667, 0.1314, 0.13336666666666666, 0.13546666666666668]"
"(128, 64)"    ,LeakyReLu(0.03),10   ,0.01 ,0.1 ,0    ,0.85,512       ,0.2192    ,"[21.573777107716975, 21.57390414829633, 21.49323338039504, 21.327572464893784, 21.036141375814097, 20.690845081080635, 20.237437253301504, 19.72381219089994, 19.148445406923575, 18.536236854929253, 17.82874786840585]"   ,"[0.06285, 0.0627, 0.06673333333333334, 0.07405, 0.08643333333333333, 0.10153333333333334, 0.12078333333333334, 0.14331666666666668, 0.1679, 0.19503333333333334, 0.22568333333333335]"
"(128, 64)"    ,LeakyReLu(0.03),10   ,0.01 ,0.2 ,0.001,0   ,512       ,0.2075    ,"[20.04513041408473, 19.775264052832522, 19.54058855343938, 19.318998762210033, 19.11697367039188, 18.974785086279923, 18.81061884345368, 18.6639845361927, 18.548602522977298, 18.432712639592356, 18.32126945864733]"      ,"[0.13326666666666667, 0.145, 0.15526666666666666, 0.1646, 0.17293333333333333, 0.17995, 0.18691666666666668, 0.19311666666666666, 0.19838333333333333, 0.20338333333333333, 0.20833333333333334]"
"(128, 64)"    ,LeakyReLu(0.03),10   ,0.01 ,0.2 ,0.001,0.85,512       ,0.477     ,"[20.01924864707088, 18.750203587851342, 17.723221486175518, 16.844890934755696, 16.05118077860218, 15.326463494569628, 14.495548530546117, 13.689286751451975, 13.033574634798669, 12.492840606145444, 12.044852375653976]" ,"[0.13448333333333334, 0.1895, 0.23436666666666667, 0.27186666666666665, 0.3061, 0.33905, 0.37433333333333335, 0.4091166666666667, 0.43753333333333333, 0.4612833333333333, 0.48083333333333333]"
"(128, 64)"    ,LeakyReLu(0.03),10   ,0.01 ,0.2 ,0    ,0   ,512       ,0.2103    ,"[19.69471989822375, 19.63119960853768, 19.55002067831888, 19.444831078598767, 19.340149641196117, 19.177664740179168, 19.004254349336197, 18.812168993325535, 18.6148749735606, 18.403606490064746, 18.20351757755363]"     ,"[0.14451666666666665, 0.1478, 0.15113333333333334, 0.1553, 0.16016666666666668, 0.16698333333333334, 0.17435, 0.18296666666666667, 0.19166666666666668, 0.20061666666666667, 0.2098]"
"(128, 64)"    ,LeakyReLu(0.03),10   ,0.01 ,0.2 ,0    ,0.85,512       ,0.4542    ,"[20.90058907762403, 19.41116532506515, 18.301211783090807, 17.36390638848321, 16.55948543989886, 15.80867561580954, 15.063455577212604, 14.394968048556443, 13.703486175033929, 13.13256581133556, 12.596454566385152]"     ,"[0.09243333333333334, 0.15691666666666668, 0.20516666666666666, 0.24608333333333332, 0.2811166666666667, 0.31351666666666667, 0.3456, 0.37483333333333335, 0.40435, 0.42996666666666666, 0.4521833333333333]"
"(128, 32, 32)",ReLu           ,10   ,0.001,0.1 ,0.001,0   ,512       ,0.077     ,"[21.240647509868182, 21.238111769742346, 21.239514288295716, 21.236470387200946, 21.24206524608056, 21.23940246799381, 21.2259412412039, 21.230265696312962, 21.2231564998217, 21.22468606335361, 21.225199302790838]"      ,"[0.07901666666666667, 0.0792, 0.07928333333333333, 0.07941666666666666, 0.07953333333333333, 0.07965, 0.07973333333333334, 0.07983333333333334, 0.08, 0.08015, 0.0802]"
"(128, 32, 32)",ReLu           ,10   ,0.001,0.1 ,0.001,0.85,512       ,0.0894    ,"[21.03552694211625, 21.031366641237117, 21.03330593255137, 21.027622815381424, 21.0312136891996, 21.015113300592624, 21.00765169987484, 21.017975807754347, 21.002002544017397, 20.9973359182532, 20.991398914318868]"      ,"[0.08835, 0.08853333333333334, 0.08866666666666667, 0.0887, 0.08883333333333333, 0.08903333333333334, 0.08921666666666667, 0.08941666666666667, 0.08968333333333334, 0.08981666666666667, 0.08993333333333334]"
"(128, 32, 32)",ReLu           ,10   ,0.001,0.1 ,0    ,0   ,512       ,0.0526    ,"[21.773738979648705, 21.764337976775174, 21.766497666624492, 21.774755304283683, 21.764210936195788, 21.76929255937069, 21.766878788362607, 21.76039971881462, 21.755953298536596, 21.76637062604512, 21.76078084055276]"   ,"[0.05446666666666666, 0.054516666666666665, 0.054566666666666666, 0.054566666666666666, 0.05466666666666667, 0.054733333333333335, 0.054766666666666665, 0.05483333333333333, 0.05488333333333333, 0.054933333333333334, 0.05503333333333333]"
"(128, 32, 32)",ReLu           ,10   ,0.001,0.1 ,0    ,0.85,512       ,0.1539    ,"[19.62751543173589, 19.607061898456976, 19.593087434726037, 19.592071110091062, 19.575936956510805, 19.569584927542202, 19.551926287009465, 19.550020678318877, 19.535919174008573, 19.516863087102763, 19.508732490022943]","[0.14781666666666668, 0.14835, 0.14881666666666668, 0.14936666666666668, 0.14978333333333332, 0.15035, 0.15083333333333335, 0.15135, 0.15196666666666667, 0.15236666666666668, 0.15286666666666668]"
"(128, 32, 32)",ReLu           ,10   ,0.001,0.2 ,0.001,0   ,512       ,0.1033    ,"[20.90620707073224, 20.91434716946053, 20.908639851676444, 20.895691227529845, 20.9059910352262, 20.90333270971531, 20.911726920972267, 20.90157321289648, 20.902599082258796, 20.90476832294579, 20.9056671616589]"        ,"[0.09573333333333334, 0.09566666666666666, 0.0957, 0.09583333333333334, 0.09581666666666666, 0.09593333333333333, 0.09578333333333333, 0.09565, 0.09575, 0.0958, 0.09605]"
"(128, 32, 32)",ReLu           ,10   ,0.001,0.2 ,0.001,0.85,512       ,0.1398    ,"[20.545281154509816, 20.46428841113578, 20.423189986842022, 20.38145682944315, 20.341121498708414, 20.27614060644211, 20.24114156209531, 20.17501779630952, 20.10241516706131, 20.02689078928087, 19.94374414208867]"       ,"[0.11188333333333333, 0.11463333333333334, 0.11708333333333333, 0.11876666666666667, 0.12053333333333334, 0.1228, 0.12455, 0.1273, 0.13055, 0.134, 0.13756666666666667]"
"(128, 32, 32)",ReLu           ,10   ,0.001,0.2 ,0    ,0   ,512       ,0.0936    ,"[20.73670673023398, 20.738993460662684, 20.73137102590035, 20.735182243281507, 20.747759260639352, 20.729592457789145, 20.738485298345186, 20.73505520270215, 20.740517947615153, 20.741280191091377, 20.731498066479734]"  ,"[0.09938333333333334, 0.0995, 0.09961666666666667, 0.09966666666666667, 0.09933333333333333, 0.09955, 0.09945, 0.09938333333333334, 0.09921666666666666, 0.09896666666666666, 0.09903333333333333]"
"(128, 32, 32)",ReLu           ,10   ,0.001,0.2 ,0    ,0.85,512       ,0.1078    ,"[20.361555899348073, 20.396110936937294, 20.44184554551127, 20.456455212139055, 20.497616359855627, 20.519340298928267, 20.537507101778473, 20.553260133620626, 20.57282438284393, 20.578160087177565, 20.58070089876499]"  ,"[0.11615, 0.11413333333333334, 0.11256666666666666, 0.11113333333333333, 0.10976666666666667, 0.10881666666666667, 0.10795, 0.10733333333333334, 0.10655, 0.10653333333333333, 0.10591666666666667]"
"(128, 32, 32)",ReLu           ,10   ,0.01 ,0.1 ,0.001,0   ,512       ,0.0911    ,"[21.240647509868182, 21.21529013659016, 21.188027218333012, 21.15847763254978, 21.132231164248886, 21.10331690748118, 21.05610886957366, 21.02655953698079, 20.996120982794483, 20.972034520878104, 20.944390985345404]"    ,"[0.07901666666666667, 0.0802, 0.08146666666666667, 0.08283333333333333, 0.0842, 0.08546666666666666, 0.0871, 0.08868333333333334, 0.0898, 0.09121666666666667, 0.0925]"
"(128, 32, 32)",ReLu           ,10   ,0.01 ,0.1 ,0.001,0.85,512       ,0.1044    ,"[21.03552694211625, 20.998879534533188, 20.973557669986032, 20.92651465837167, 20.895862718789747, 20.840948877308563, 20.797344525682973, 20.763906313472056, 20.704427705647753, 20.633899497849754, 20.57480791056992]"  ,"[0.08835, 0.08996666666666667, 0.09123333333333333, 0.09301666666666666, 0.09473333333333334, 0.09671666666666667, 0.09835, 0.10033333333333333, 0.10273333333333333, 0.10561666666666666, 0.10843333333333334]"
"(128, 32, 32)",ReLu           ,10   ,0.01 ,0.1 ,0    ,0   ,512       ,0.0579    ,"[21.773738979648705, 21.752904324631675, 21.74020026669446, 21.73626200873392, 21.715808475455017, 21.70869420301019, 21.695609023334846, 21.677315179905264, 21.66016470169002, 21.655718281412, 21.64415758868913]"       ,"[0.05446666666666666, 0.055016666666666665, 0.055716666666666664, 0.05625, 0.05678333333333333, 0.057383333333333335, 0.057883333333333335, 0.05846666666666667, 0.059, 0.0597, 0.06013333333333333]"
"(128, 32, 32)",ReLu           ,10   ,0.01 ,0.1 ,0    ,0.85,512       ,0.1928    ,"[19.62751543173589, 19.506826881332362, 19.398334226548556, 19.29212830219345, 19.175378009750453, 19.070315450609712, 18.96563401320706, 18.873402552582903, 18.77253233256143, 18.66327743430139, 18.575619434534612]"    ,"[0.14781666666666668, 0.15273333333333333, 0.15733333333333333, 0.16248333333333334, 0.16708333333333333, 0.17218333333333333, 0.1764, 0.18086666666666668, 0.18513333333333334, 0.18933333333333333, 0.19338333333333332]"
"(128, 32, 32)",ReLu           ,10   ,0.01 ,0.2 ,0.001,0   ,512       ,0.1242    ,"[20.90620707073224, 20.905667156900797, 20.860917686010048, 20.812738615466394, 20.768371196944376, 20.718414379670637, 20.648131422534277, 20.558792690939413, 20.459163970607783, 20.37998905604942, 20.29687612376097]"  ,"[0.09573333333333334, 0.09605, 0.09786666666666667, 0.09983333333333333, 0.10163333333333334, 0.10396666666666667, 0.10711666666666667, 0.11066666666666666, 0.11488333333333334, 0.11856666666666667, 0.12256666666666667]"
"(128, 32, 32)",ReLu           ,10   ,0.01 ,0.2 ,0.001,0.85,512       ,0.3418    ,"[20.545281154509816, 19.986909152667284, 19.155576350046545, 18.288809729798338, 17.569926501616884, 16.992827670848943, 16.531469567418423, 16.09273109503705, 15.706720795554409, 15.415870092276403, 15.115878607900727]","[0.11188333333333333, 0.13575, 0.17191666666666666, 0.20941666666666667, 0.24088333333333334, 0.2655, 0.2860666666666667, 0.30485, 0.3211833333333333, 0.33436666666666665, 0.34751666666666664]"
"(128, 32, 32)",ReLu           ,10   ,0.01 ,0.2 ,0    ,0   ,512       ,0.102     ,"[20.73670673023398, 20.74966486932993, 20.776978593894956, 20.787650002562202, 20.774056660569396, 20.76465565769584, 20.732387350535326, 20.684238970953295, 20.63418498268067, 20.580954979923757, 20.511209701848436]"   ,"[0.09938333333333334, 0.09903333333333333, 0.09776666666666667, 0.09751666666666667, 0.09818333333333333, 0.09823333333333334, 0.09971666666666666, 0.10175, 0.10408333333333333, 0.10605, 0.10888333333333333]"
"(128, 32, 32)",ReLu           ,10   ,0.01 ,0.2 ,0    ,0.85,512       ,0.2556    ,"[20.361555899348073, 20.594294240757833, 20.48122812511663, 20.141140494137417, 19.707169875002215, 19.22212894295939, 18.739120660186547, 18.30667452800382, 17.881977871162775, 17.492344414228437, 17.126213464477946]"  ,"[0.11615, 0.10546666666666667, 0.1107, 0.12506666666666666, 0.14411666666666667, 0.16496666666666668, 0.18623333333333333, 0.20478333333333334, 0.22371666666666667, 0.24046666666666666, 0.25611666666666666]"
"(128, 32, 32)",LeakyReLu(0.03),10   ,0.001,0.1 ,0.001,0   ,512       ,0.0965    ,"[20.787398216085606, 20.788419606315326, 20.785248658204356, 20.78817565849966, 20.7919919434319, 20.78348529286744, 20.776122008250287, 20.77701636198503, 20.775115823573056, 20.787570871193434, 20.78033462960433]"     ,"[0.09891666666666667, 0.09901666666666667, 0.09908333333333333, 0.0991, 0.09915, 0.09923333333333334, 0.09926666666666667, 0.0993, 0.09938333333333334, 0.09941666666666667, 0.09951666666666667]"
"(128, 32, 32)",LeakyReLu(0.03),10   ,0.001,0.1 ,0.001,0.85,512       ,0.0959    ,"[20.9899013710943, 20.98701159899985, 20.973325027728848, 20.969547648442617, 20.95548001062677, 20.93671189898474, 20.93191827907596, 20.924202753614704, 20.918138784306198, 20.899878946342145, 20.89457727616039]"      ,"[0.0902, 0.0904, 0.091, 0.09138333333333333, 0.092, 0.09253333333333333, 0.09303333333333333, 0.0933, 0.09378333333333333, 0.09415, 0.0946]"
"(128, 32, 32)",LeakyReLu(0.03),10   ,0.001,0.1 ,0    ,0   ,512       ,0.0871    ,"[21.010860300519035, 21.008192448352233, 21.006922042558514, 20.9982832831612, 21.00577867734417, 20.999553688954943, 21.0033649063361, 20.99650471505, 20.999172567216814, 20.9951072686769, 20.993963903462546]"          ,"[0.08768333333333334, 0.0878, 0.08778333333333334, 0.0878, 0.08783333333333333, 0.08781666666666667, 0.08786666666666666, 0.08795, 0.08805, 0.08808333333333333, 0.08813333333333333]"
"(128, 32, 32)",LeakyReLu(0.03),10   ,0.001,0.1 ,0    ,0.85,512       ,0.0921    ,"[20.920534448585457, 20.906941106592647, 20.899826834147806, 20.896269697925387, 20.884200842885033, 20.885344208099376, 20.876324326963957, 20.8728942313209, 20.856887118320017, 20.849010602398945, 20.842150411112847]" ,"[0.09163333333333333, 0.09186666666666667, 0.09225, 0.09255, 0.09293333333333334, 0.0931, 0.09335, 0.09371666666666667, 0.09398333333333334, 0.0944, 0.09448333333333334]"
"(128, 32, 32)",LeakyReLu(0.03),10   ,0.001,0.2 ,0.001,0   ,512       ,0.0976    ,"[20.811678625543465, 20.82159601095178, 20.822239478354074, 20.82605900679799, 20.829243375152558, 20.83560379954649, 20.85720913295941, 20.863061473292262, 20.878441893542718, 20.877561158607993, 20.86854986063684]"    ,"[0.09973333333333333, 0.09951666666666667, 0.09941666666666667, 0.09925, 0.09896666666666666, 0.09883333333333333, 0.09825, 0.09785, 0.09725, 0.09743333333333333, 0.09746666666666666]"
"(128, 32, 32)",LeakyReLu(0.03),10   ,0.001,0.2 ,0.001,0.85,512       ,0.1142    ,"[21.09497308623911, 21.033921856153416, 20.951785513661843, 20.91983096816698, 20.874664922708195, 20.818828115074705, 20.777855632148064, 20.716303098532766, 20.656402541958276, 20.578335588288457, 20.503317970624966]" ,"[0.08765, 0.09046666666666667, 0.09348333333333333, 0.0951, 0.09693333333333333, 0.09923333333333334, 0.10131666666666667, 0.10408333333333333, 0.10706666666666667, 0.11005, 0.11333333333333333]"
"(128, 32, 32)",LeakyReLu(0.03),10   ,0.001,0.2 ,0    ,0   ,512       ,0.0905    ,"[21.02242099324191, 21.014925599058966, 21.02242099324191, 21.032076077274194, 21.029154143948634, 21.02559700772622, 21.027375575837418, 21.023437317876887, 21.033600564226663, 21.026105170043692, 21.041604120727104]"  ,"[0.08725, 0.08721666666666666, 0.08703333333333334, 0.0869, 0.08688333333333334, 0.08675, 0.0866, 0.08648333333333333, 0.0864, 0.08636666666666666, 0.08605]"
"(128, 32, 32)",LeakyReLu(0.03),10   ,0.001,0.2 ,0    ,0.85,512       ,0.1504    ,"[20.354314586323856, 20.27847136043869, 20.19259192878313, 20.13110428836702, 20.067456958101577, 19.97751222790611, 19.903193488973418, 19.795590118245226, 19.703231617041677, 19.60121803180586, 19.502380461054337]"    ,"[0.11625, 0.11956666666666667, 0.12303333333333333, 0.12565, 0.12865, 0.13236666666666666, 0.13583333333333333, 0.14003333333333334, 0.14443333333333333, 0.14896666666666666, 0.15365]"
"(128, 32, 32)",LeakyReLu(0.03),10   ,0.01 ,0.1 ,0.001,0   ,512       ,0.1032    ,"[20.787398216085606, 20.777031573036794, 20.759042560568044, 20.743721463870013, 20.734244297335593, 20.71206313765746, 20.684419298253008, 20.673671920729717, 20.66419501296319, 20.65852938627271, 20.64397098307904]"   ,"[0.09891666666666667, 0.09951666666666667, 0.10023333333333333, 0.10105, 0.10168333333333333, 0.10236666666666666, 0.10321666666666666, 0.10383333333333333, 0.10425, 0.10493333333333334, 0.1055]"
"(128, 32, 32)",LeakyReLu(0.03),10   ,0.01 ,0.1 ,0.001,0.85,512       ,0.1532    ,"[20.9899013710943, 20.89214868069041, 20.766084945693674, 20.636212807476298, 20.4959261920125, 20.346495522712424, 20.188428988494103, 20.022869975409176, 19.871415411943005, 19.67969193797741, 19.49876990755716]"      ,"[0.0902, 0.09441666666666666, 0.10001666666666667, 0.106, 0.11215, 0.11826666666666667, 0.12526666666666667, 0.13245, 0.13945, 0.1472, 0.1552]"
"(128, 32, 32)",LeakyReLu(0.03),10   ,0.01 ,0.1 ,0    ,0   ,512       ,0.0922    ,"[21.010860300519035, 21.0005700135899, 20.99129605129574, 20.975415978874214, 20.975670060032968, 20.963347123833874, 20.954708364436563, 20.943401752872443, 20.945815523880512, 20.932222181887703, 20.91659619062492]"   ,"[0.08768333333333334, 0.08813333333333333, 0.08846666666666667, 0.0888, 0.08915, 0.0894, 0.08985, 0.0902, 0.09038333333333333, 0.09083333333333334, 0.09151666666666666]"
"(128, 32, 32)",LeakyReLu(0.03),10   ,0.01 ,0.1 ,0    ,0.85,512       ,0.1586    ,"[20.920534448585457, 20.84786723718459, 20.768339834497652, 20.666707370999937, 20.539539751048423, 20.391537476079893, 20.21965157218941, 20.037475381369763, 19.80003653852324, 19.566662994216635, 19.360349093316284]"  ,"[0.09163333333333333, 0.09445, 0.098, 0.10251666666666667, 0.10793333333333334, 0.11455, 0.12185, 0.13003333333333333, 0.13976666666666668, 0.15011666666666668, 0.15906666666666666]"
"(128, 32, 32)",LeakyReLu(0.03),10   ,0.01 ,0.2 ,0.001,0   ,512       ,0.1524    ,"[20.811678625543465, 20.870582514250433, 20.83535271220945, 20.69188666949767, 20.5145024133575, 20.3298780449465, 20.202295826672795, 20.031266508629844, 19.91359488481682, 19.770388699728578, 19.639124847419584]"      ,"[0.09973333333333333, 0.09745, 0.09885, 0.10498333333333333, 0.11281666666666666, 0.12075, 0.12698333333333334, 0.13381666666666667, 0.1394, 0.14545, 0.15083333333333335]"
"(128, 32, 32)",LeakyReLu(0.03),10   ,0.01 ,0.2 ,0.001,0.85,512       ,0.371     ,"[21.09497308623911, 20.5300947230483, 19.493200473910008, 18.689315566802023, 18.052754802938512, 17.349888485190146, 16.624671443711527, 15.981911228039145, 15.447142240638417, 15.00410287835739, 14.61061544795558]"    ,"[0.08765, 0.11223333333333334, 0.1571, 0.19141666666666668, 0.2195, 0.25005, 0.28208333333333335, 0.3103666666666667, 0.3327, 0.3520333333333333, 0.3696333333333333]"
"(128, 32, 32)",LeakyReLu(0.03),10   ,0.01 ,0.2 ,0    ,0   ,512       ,0.0872    ,"[21.02242099324191, 21.04249340478271, 21.054816340981805, 21.06663111486342, 21.075523955419467, 21.08911729741227, 21.091912190158464, 21.093944839428417, 21.109570830691204, 21.0926744336347, 21.0826382278643]"       ,"[0.08725, 0.08608333333333333, 0.08561666666666666, 0.08531666666666667, 0.08478333333333334, 0.08411666666666667, 0.08385, 0.08361666666666667, 0.08336666666666667, 0.08381666666666666, 0.08418333333333333]"
"(128, 32, 32)",LeakyReLu(0.03),10   ,0.01 ,0.2 ,0    ,0.85,512       ,0.3647    ,"[20.354314586323856, 19.50962177407855, 18.65387643142785, 17.92974512900669, 17.338117150870666, 16.73213358726559, 16.168200455432686, 15.667279450968362, 15.211076730443034, 14.81712389381005, 14.447689888995887]"    ,"[0.11625, 0.15225, 0.19003333333333333, 0.22126666666666667, 0.24728333333333333, 0.27313333333333334, 0.2980833333333333, 0.31926666666666664, 0.339, 0.3571666666666667, 0.37238333333333334]"
"(128, 32, 32)",ReLu           ,10   ,0.001,0.1 ,0.001,0   ,512       ,0.1144    ,"[20.387736519543175, 20.402224197419066, 20.388635907943883, 20.3981690044519, 20.394108759553713, 20.397925031130598, 20.40377395262123, 20.395140248561436, 20.392731533717324, 20.395785564256954, 20.38384880721554]"   ,"[0.11595, 0.11596666666666666, 0.11598333333333333, 0.116, 0.11603333333333334, 0.11608333333333333, 0.11611666666666667, 0.11613333333333334, 0.11616666666666667, 0.11625, 0.11626666666666667]"
"(128, 32, 32)",ReLu           ,10   ,0.001,0.1 ,0.001,0.85,512       ,0.0956    ,"[20.841478624039446, 20.84875204366888, 20.84827763465477, 20.838402249853736, 20.845042169973954, 20.84228111362153, 20.84866700601711, 20.847176410730423, 20.839460854544694, 20.84432234325075, 20.840291019332053]"    ,"[0.09661666666666667, 0.09651666666666667, 0.09646666666666667, 0.09646666666666667, 0.09646666666666667, 0.09651666666666667, 0.0966, 0.09666666666666666, 0.09671666666666667, 0.09686666666666667, 0.0969]"
"(128, 32, 32)",ReLu           ,10   ,0.001,0.1 ,0    ,0   ,512       ,0.0903    ,"[20.974018532501134, 20.982784332477802, 20.975924141191708, 20.978464952779166, 20.977702709302914, 20.97452669481862, 20.97351037018363, 20.96512569194508, 20.971858842651802, 20.955470607912805, 20.958138460079617]"  ,"[0.08893333333333334, 0.08898333333333333, 0.08906666666666667, 0.0891, 0.08913333333333333, 0.0892, 0.08931666666666667, 0.08946666666666667, 0.08953333333333334, 0.0896, 0.0897]"
"(128, 32, 32)",ReLu           ,10   ,0.001,0.1 ,0    ,0.85,512       ,0.061     ,"[21.61862243223533, 21.614430093116052, 21.603377562710676, 21.605664293139387, 21.60312348155194, 21.590546464194095, 21.59410360041652, 21.59308727578154, 21.581907704796784, 21.572379661343874, 21.573141904820105]"   ,"[0.06125, 0.06143333333333333, 0.0617, 0.061816666666666666, 0.062, 0.06211666666666667, 0.06225, 0.06236666666666667, 0.06256666666666667, 0.06276666666666667, 0.06295]"
"(128, 32, 32)",ReLu           ,10   ,0.001,0.2 ,0.001,0   ,512       ,0.1101    ,"[20.542393451838628, 20.556503822089585, 20.545587222306978, 20.567065989654434, 20.56186625577493, 20.557301747764512, 20.5669658033396, 20.56087684783653, 20.56990573964539, 20.573471905296866, 20.59215591895645]"     ,"[0.11136666666666667, 0.11118333333333333, 0.11108333333333334, 0.11086666666666667, 0.11073333333333334, 0.1105, 0.11036666666666667, 0.11041666666666666, 0.10995, 0.10965, 0.10926666666666666]"
"(128, 32, 32)",ReLu           ,10   ,0.001,0.2 ,0.001,0.85,512       ,0.0778    ,"[21.285588150899265, 21.29314113956869, 21.32610562553131, 21.349923630799772, 21.356464520832848, 21.369230769035557, 21.389238669604318, 21.41775858822701, 21.423284461135697, 21.44126057659899, 21.43255841081466]"    ,"[0.07916666666666666, 0.07898333333333334, 0.07783333333333334, 0.07665, 0.07636666666666667, 0.07566666666666666, 0.07508333333333334, 0.07376666666666666, 0.07338333333333333, 0.07281666666666667, 0.07255]"
"(128, 32, 32)",ReLu           ,10   ,0.001,0.2 ,0    ,0   ,512       ,0.1509    ,"[19.552053327588844, 19.553577814541303, 19.565519629002292, 19.546844663834573, 19.548369150787046, 19.561835452200487, 19.542906405874042, 19.551545165271353, 19.542017121818446, 19.5535778145413, 19.55853239713682]"  ,"[0.15068333333333334, 0.15083333333333335, 0.15038333333333334, 0.15076666666666666, 0.15091666666666667, 0.15083333333333335, 0.15086666666666668, 0.15085, 0.15105, 0.15105, 0.15105]"
"(128, 32, 32)",ReLu           ,10   ,0.001,0.2 ,0    ,0.85,512       ,0.1472    ,"[20.353679383427, 20.267545870612693, 20.20707455483154, 20.138472641970594, 20.068981445054046, 20.00546115536799, 19.930380172959048, 19.861270097780604, 19.78161565451429, 19.709583646010294, 19.612524643369973]"     ,"[0.11635, 0.11946666666666667, 0.12261666666666667, 0.12583333333333332, 0.12836666666666666, 0.13143333333333335, 0.1345, 0.13745, 0.14071666666666666, 0.1443, 0.14818333333333333]"
"(128, 32, 32)",ReLu           ,10   ,0.01 ,0.1 ,0.001,0   ,512       ,0.1152    ,"[20.387736519543175, 20.395409499950013, 20.375260655596342, 20.381917434195046, 20.374091647980887, 20.37604804737865, 20.375717778296842, 20.36725697273438, 20.36133704266326, 20.365707459972874, 20.352673381593114]"  ,"[0.11595, 0.11626666666666667, 0.1165, 0.11671666666666666, 0.11691666666666667, 0.11705, 0.11728333333333334, 0.11736666666666666, 0.11748333333333333, 0.11758333333333333, 0.11765]"
"(128, 32, 32)",ReLu           ,10   ,0.01 ,0.1 ,0.001,0.85,512       ,0.1111    ,"[20.841478624039446, 20.84027621695342, 20.82118003438313, 20.791288196167503, 20.772324688369, 20.73659465919502, 20.70404351080957, 20.653328460773743, 20.58927707089973, 20.519765883548242, 20.406047554798583]"       ,"[0.09661666666666667, 0.0969, 0.09775, 0.09856666666666666, 0.0997, 0.10113333333333334, 0.10293333333333334, 0.10516666666666667, 0.10776666666666666, 0.11118333333333333, 0.1161]"
"(128, 32, 32)",ReLu           ,10   ,0.01 ,0.1 ,0    ,0   ,512       ,0.0932    ,"[20.974018532501134, 20.966014976000682, 20.95191347169037, 20.943020631134335, 20.927775761609674, 20.91583394714868, 20.89423704865543, 20.877467692178318, 20.870607500892213, 20.846469790811497, 20.835671341564876]"  ,"[0.08893333333333334, 0.08971666666666667, 0.09011666666666666, 0.09065, 0.09131666666666667, 0.09176666666666666, 0.09256666666666667, 0.0933, 0.09381666666666667, 0.09436666666666667, 0.09498333333333334]"
"(128, 32, 32)",ReLu           ,10   ,0.01 ,0.1 ,0    ,0.85,512       ,0.0782    ,"[21.61862243223533, 21.581653623638047, 21.52550168755555, 21.503523667324192, 21.45855130222644, 21.404177934255173, 21.36504943580856, 21.324523490988852, 21.282727140375407, 21.2467746564131, 21.213617065196974]"     ,"[0.06125, 0.06286666666666667, 0.06503333333333333, 0.06628333333333333, 0.06825, 0.07026666666666667, 0.07226666666666667, 0.07396666666666667, 0.07565, 0.07693333333333334, 0.0786]"
"(128, 32, 32)",ReLu           ,10   ,0.01 ,0.2 ,0.001,0   ,512       ,0.1741    ,"[20.542393451838628, 20.592918148610917, 20.630232477168047, 20.680125350526843, 20.617207509289642, 20.474636367152556, 20.215569950984836, 19.900733480586315, 19.61765775838234, 19.361896256939463, 19.15961925692093]" ,"[0.11136666666666667, 0.10923333333333334, 0.10731666666666667, 0.10593333333333334, 0.1084, 0.11456666666666666, 0.12546666666666667, 0.13938333333333333, 0.15155, 0.16245, 0.17173333333333332]"
"(128, 32, 32)",ReLu           ,10   ,0.01 ,0.2 ,0.001,0.85,512       ,0.3052    ,"[21.285588150899265, 21.45412685079971, 21.125229880652228, 20.520924534137105, 19.867084678930294, 19.211348486723107, 18.515856808857524, 17.81389345569611, 17.197689503926483, 16.631164985661982, 16.131216082221453]" ,"[0.07916666666666666, 0.07196666666666666, 0.08645, 0.11305, 0.14095, 0.17001666666666668, 0.2001, 0.23003333333333334, 0.25708333333333333, 0.28181666666666666, 0.3027]"
"(128, 32, 32)",ReLu           ,10   ,0.01 ,0.2 ,0    ,0   ,512       ,0.1587    ,"[19.552053327588844, 19.55065588121574, 19.55649974786687, 19.53769774211978, 19.543668649350277, 19.540873756604096, 19.497679959617567, 19.472780006060628, 19.444831078598757, 19.426537235169164, 19.36504959475306]"   ,"[0.15068333333333334, 0.15103333333333332, 0.15063333333333334, 0.15116666666666667, 0.15105, 0.15175, 0.15291666666666667, 0.15415, 0.1553, 0.15653333333333333, 0.15893333333333334]"
"(128, 32, 32)",ReLu           ,10   ,0.01 ,0.2 ,0    ,0.85,512       ,0.39      ,"[20.353679383427, 19.61430321148119, 18.728576292098662, 17.90344772907666, 17.0872120066107, 16.36015877086398, 15.716952317502868, 15.155051834939929, 14.657687966698019, 14.235913243182537, 13.840435919597082]"       ,"[0.11635, 0.1476, 0.18655, 0.22263333333333332, 0.2573166666666667, 0.28983333333333333, 0.3176, 0.34231666666666666, 0.3636333333333333, 0.38193333333333335, 0.39865]"
"(128, 32, 32)",LeakyReLu(0.03),10   ,0.001,0.1 ,0.001,0   ,512       ,0.1439    ,"[19.72879683737841, 19.721052458540232, 19.710894309346134, 19.701244323074206, 19.69718412297499, 19.703160129219327, 19.693764226030023, 19.690593311906294, 19.696188198259296, 19.69886115189156, 19.69365759021925]"   ,"[0.14571666666666666, 0.14576666666666666, 0.14585, 0.14598333333333333, 0.14601666666666666, 0.14611666666666667, 0.14616666666666667, 0.14623333333333333, 0.14635, 0.14645, 0.14653333333333332]"
"(128, 32, 32)",LeakyReLu(0.03),10   ,0.001,0.1 ,0.001,0.85,512       ,0.0754    ,"[21.408710717590488, 21.413824566568742, 21.4119528374964, 21.41084337840868, 21.411385474969393, 21.40506740877745, 21.402306506216675, 21.406786945738084, 21.401612328448074, 21.406855065818633, 21.408159573986087]"   ,"[0.07203333333333334, 0.0721, 0.07218333333333334, 0.07223333333333333, 0.07228333333333334, 0.0722, 0.07225, 0.0722, 0.07228333333333334, 0.07241666666666667, 0.07243333333333334]"
"(128, 32, 32)",LeakyReLu(0.03),10   ,0.001,0.1 ,0    ,0   ,512       ,0.1527    ,"[19.546590582675844, 19.5549752609144, 19.54430385224713, 19.534521727635482, 19.545828339199613, 19.535538052270464, 19.536554376905443, 19.536173255167327, 19.53325132184176, 19.55434005801754, 19.539222229072255]"    ,"[0.15106666666666665, 0.15113333333333334, 0.15116666666666667, 0.15123333333333333, 0.15131666666666665, 0.15133333333333332, 0.15143333333333334, 0.15145, 0.15143333333333334, 0.15145, 0.15153333333333333]"
"(128, 32, 32)",LeakyReLu(0.03),10   ,0.001,0.1 ,0    ,0.85,512       ,0.1365    ,"[19.991486691637057, 19.97573365979492, 19.968238265611948, 19.94981738160299, 19.951341868555463, 19.945625042483712, 19.94067045988819, 19.910180720838888, 19.910307761418245, 19.90865623388641, 19.891251674512443]"   ,"[0.1319, 0.1323, 0.13313333333333333, 0.13365, 0.1338, 0.13405, 0.13448333333333334, 0.13473333333333334, 0.13523333333333334, 0.13566666666666666, 0.13628333333333334]"
"(128, 32, 32)",LeakyReLu(0.03),10   ,0.001,0.2 ,0.001,0   ,512       ,0.1085    ,"[20.845896802103596, 20.825452291130546, 20.818092971837487, 20.79002605066638, 20.77529840176797, 20.760443721616003, 20.75232220335084, 20.745979263380065, 20.729219007070558, 20.728338833040166, 20.704972486647986]"  ,"[0.0986, 0.09935, 0.10003333333333334, 0.1009, 0.1014, 0.10183333333333333, 0.10255, 0.1029, 0.10341666666666667, 0.10381666666666667, 0.10455]"
"(128, 32, 32)",LeakyReLu(0.03),10   ,0.001,0.2 ,0.001,0.85,512       ,0.1184    ,"[20.509484794164177, 20.48006874619679, 20.482416392716182, 20.49543601707549, 20.473011766323125, 20.486159262205838, 20.46055972490379, 20.456176259318372, 20.422954853975128, 20.390114810793637, 20.366548960290963]"  ,"[0.11303333333333333, 0.11403333333333333, 0.11436666666666667, 0.11401666666666667, 0.11413333333333334, 0.11406666666666666, 0.1149, 0.11581666666666666, 0.11698333333333333, 0.11813333333333334, 0.11938333333333333]"
"(128, 32, 32)",LeakyReLu(0.03),10   ,0.001,0.2 ,0    ,0   ,512       ,0.1712    ,"[19.052656810076968, 19.044653253576545, 19.02140482755143, 18.994726305883294, 18.982530410263553, 18.980878882731723, 18.96004422771469, 18.943528952396328, 18.909227995965846, 18.90706830611652, 18.89982699309231]"   ,"[0.17266666666666666, 0.17323333333333332, 0.17381666666666667, 0.17455, 0.1753, 0.17595, 0.17671666666666666, 0.17736666666666667, 0.17821666666666666, 0.17903333333333332, 0.17956666666666668]"
"(128, 32, 32)",LeakyReLu(0.03),10   ,0.001,0.2 ,0    ,0.85,512       ,0.1313    ,"[19.94765769175366, 19.974717335159916, 19.98170456702539, 20.017021848090835, 20.0222305118451, 20.030234068345553, 20.020833065472015, 19.994281584383234, 19.97890967427921, 19.94994442218236, 19.914118978799422]"     ,"[0.13338333333333333, 0.13241666666666665, 0.13153333333333334, 0.131, 0.13026666666666667, 0.13035, 0.1304, 0.13141666666666665, 0.13223333333333334, 0.1335, 0.13528333333333334]"
"(128, 32, 32)",LeakyReLu(0.03),10   ,0.01 ,0.1 ,0.001,0   ,512       ,0.1521    ,"[19.72879683737841, 19.701915227252517, 19.674779598359056, 19.65221749230791, 19.630798814308907, 19.60988836048343, 19.583007062305974, 19.560445206879763, 19.54791961854408, 19.532345118817624, 19.50775080062531]"    ,"[0.14571666666666666, 0.14653333333333332, 0.14743333333333333, 0.14813333333333334, 0.149, 0.15013333333333334, 0.15095, 0.15186666666666668, 0.15285, 0.15375, 0.15468333333333334]"
"(128, 32, 32)",LeakyReLu(0.03),10   ,0.01 ,0.1 ,0.001,0.85,512       ,0.0962    ,"[21.408710717590488, 21.40484166256812, 21.392352894318492, 21.37846949317966, 21.353409373253175, 21.319459293799, 21.280684564361565, 21.226921975551956, 21.164015397668905, 21.09780872446346, 20.997431131393753]"     ,"[0.07203333333333334, 0.07243333333333334, 0.07306666666666667, 0.07361666666666666, 0.0748, 0.07586666666666667, 0.07765, 0.08001666666666667, 0.083, 0.08598333333333333, 0.09031666666666667]"
"(128, 32, 32)",LeakyReLu(0.03),10   ,0.01 ,0.1 ,0    ,0   ,512       ,0.1586    ,"[19.546590582675844, 19.54582833919961, 19.522961034912615, 19.500220771205008, 19.501999339316225, 19.481037643719816, 19.472907046639996, 19.459821866964663, 19.448007093083056, 19.452199432202335, 19.422853058367384]","[0.15106666666666665, 0.15153333333333333, 0.1521, 0.15273333333333333, 0.15323333333333333, 0.15371666666666667, 0.15421666666666667, 0.15471666666666667, 0.15523333333333333, 0.15591666666666668, 0.15655]"
"(128, 32, 32)",LeakyReLu(0.03),10   ,0.01 ,0.1 ,0    ,0.85,512       ,0.1998    ,"[19.991486691637057, 19.89404656725862, 19.78402942552236, 19.667152092499993, 19.544303852247133, 19.40062095697726, 19.249061545786308, 19.05748435209312, 18.870607659836708, 18.678903425564155, 18.42482226681989]"    ,"[0.1319, 0.13601666666666667, 0.14111666666666667, 0.14608333333333334, 0.15138333333333334, 0.15766666666666668, 0.16436666666666666, 0.17173333333333332, 0.18026666666666666, 0.18908333333333333, 0.19983333333333334]"
"(128, 32, 32)",LeakyReLu(0.03),10   ,0.01 ,0.2 ,0.001,0   ,512       ,0.1323    ,"[20.845896802103596, 20.707005118309286, 20.618930664870852, 20.50367040259972, 20.429826141450373, 20.363732030644083, 20.321776258005794, 20.270293012842313, 20.208647045674624, 20.156402562381572, 20.075955514969355]","[0.0986, 0.10453333333333334, 0.10853333333333333, 0.11321666666666666, 0.11623333333333333, 0.11898333333333333, 0.12118333333333334, 0.12336666666666667, 0.12585, 0.12871666666666667, 0.13195]"
"(128, 32, 32)",LeakyReLu(0.03),10   ,0.01 ,0.2 ,0.001,0.85,512       ,0.3292    ,"[20.509484794164177, 20.374651211301195, 19.82597379263984, 19.13388193761567, 18.486138161297482, 17.93381132280634, 17.36726439173976, 16.87478968011495, 16.384227539296685, 15.915777053592024, 15.467405382660004]"    ,"[0.11303333333333333, 0.11866666666666667, 0.14283333333333334, 0.17255, 0.20061666666666667, 0.2248, 0.24931666666666666, 0.27131666666666665, 0.29301666666666665, 0.31266666666666665, 0.3320166666666667]"
"(128, 32, 32)",LeakyReLu(0.03),10   ,0.01 ,0.2 ,0    ,0   ,512       ,0.2199    ,"[19.052656810076968, 18.898175465560467, 18.74128035003588, 18.59632704897227, 18.46052066962347, 18.339323956902454, 18.204025739871124, 18.090578502491812, 17.949690499968117, 17.86165137846324, 17.760145955544896]"   ,"[0.17266666666666666, 0.17956666666666668, 0.18585, 0.1919, 0.19798333333333334, 0.20393333333333333, 0.20963333333333334, 0.21445, 0.2196, 0.22453333333333333, 0.22868333333333332]"
"(128, 32, 32)",LeakyReLu(0.03),10   ,0.01 ,0.2 ,0    ,0.85,512       ,0.3731    ,"[19.94765769175366, 19.930380172959044, 19.339768519458, 18.558468956319388, 17.792668343864158, 17.0771758008403, 16.391410753389525, 15.808929696968297, 15.241566469492343, 14.76084491714819, 14.287110596669512]"      ,"[0.13338333333333333, 0.13428333333333334, 0.15931666666666666, 0.19413333333333332, 0.22733333333333333, 0.25855, 0.2876, 0.31343333333333334, 0.33831666666666665, 0.3594833333333333, 0.37933333333333336]"
