hidden_layer,activation,epoch,eta,beta,alpha,mu,batch_size,test_score,history_loss,history_score
"(128,)",ReLu,10,0.001,0.1,0.001,0,512,0.1069,"[20.83491897932375, 20.823616391730507, 20.8185387933304, 20.81269895209975, 20.80990808530621, 20.800384068573077, 20.797847284247542, 20.80623599011671, 20.796966056493126, 20.80128946536924, 20.796592993890645]","[0.09706666666666666, 0.0972, 0.09735, 0.09753333333333333, 0.09758333333333333, 0.09778333333333333, 0.09796666666666666, 0.09803333333333333, 0.09815, 0.09825, 0.09838333333333334]"
"(128,)",ReLu,10,0.001,0.1,0.001,0.85,512,0.1314,"[20.23950731594251, 20.215268088444066, 20.185186310505618, 20.162854039994258, 20.13099375496104, 20.109169707785792, 20.077944688151277, 20.060440081382914, 20.031374811142204, 19.99659274655223, 19.980866798123202]","[0.12281666666666667, 0.12373333333333333, 0.12483333333333334, 0.1261, 0.12735, 0.12823333333333334, 0.1296, 0.13058333333333333, 0.13156666666666667, 0.1328, 0.13406666666666667]"
"(128,)",ReLu,10,0.001,0.1,0,0,512,0.1062,"[20.59594576828965, 20.586671805995504, 20.58895853642419, 20.589974861059172, 20.583114669773074, 20.57434886979639, 20.585528440781143, 20.576889681383847, 20.57498407269326, 20.562025933597297, 20.56228001475604]","[0.10568333333333334, 0.1058, 0.10591666666666667, 0.10601666666666666, 0.1061, 0.10626666666666666, 0.10628333333333333, 0.10651666666666666, 0.1066, 0.10673333333333333, 0.10686666666666667]"
"(128,)",ReLu,10,0.001,0.1,0,0.85,512,0.0859,"[21.31093014899602, 21.299115375114418, 21.295685279471368, 21.267609311430135, 21.24956954915929, 21.244487925984394, 21.240168546285755, 21.21641195794315, 21.19786403335483, 21.185668137735092, 21.16940694357547]","[0.07441666666666667, 0.07493333333333334, 0.0753, 0.07616666666666666, 0.0771, 0.07725, 0.0778, 0.07855, 0.07943333333333333, 0.08018333333333333, 0.08075]"
"(128,)",ReLu,10,0.001,0.2,0.001,0,512,0.1061,"[20.8771063329104, 20.86352095345014, 20.858828416182348, 20.854135880251274, 20.847537736775994, 20.83801766154746, 20.838152671492686, 20.846164198198263, 20.836517086508053, 20.8380495467947, 20.835389669642876]","[0.09676666666666667, 0.097, 0.09713333333333334, 0.09726666666666667, 0.09748333333333334, 0.09768333333333333, 0.09775, 0.09783333333333333, 0.09796666666666666, 0.09811666666666667, 0.09823333333333334]"
"(128,)",ReLu,10,0.001,0.2,0.001,0.85,512,0.1323,"[20.259490100275006, 20.23362435902315, 20.195946453008194, 20.169702265848642, 20.139392840421102, 20.115308469255833, 20.09173232346254, 20.071459294544578, 20.032638400782098, 20.002075209412723, 19.987519191234078]","[0.12341666666666666, 0.12455, 0.12598333333333334, 0.12735, 0.12853333333333333, 0.12951666666666667, 0.13055, 0.13158333333333333, 0.13306666666666667, 0.13411666666666666, 0.13533333333333333]"
"(128,)",ReLu,10,0.001,0.2,0,0,512,0.1058,"[20.62999264356139, 20.618940113156004, 20.6240217363309, 20.62338653343404, 20.61817786967977, 20.613096246504888, 20.615128895774852, 20.614366652298617, 20.60941206970311, 20.5989947421946, 20.600519229147054]","[0.10426666666666666, 0.10431666666666667, 0.10438333333333333, 0.10448333333333333, 0.10456666666666667, 0.10471666666666667, 0.10491666666666667, 0.10495, 0.10495, 0.10511666666666666, 0.10526666666666666]"
"(128,)",ReLu,10,0.001,0.2,0,0.85,512,0.0868,"[21.301783227281224, 21.28577611428035, 21.276629192565544, 21.25998687666779, 21.24880730568306, 21.236103247745834, 21.228353772404144, 21.20447014348218, 21.190622720330612, 21.177283459496547, 21.15632176390014]","[0.07481666666666667, 0.07551666666666666, 0.07613333333333333, 0.0765, 0.07713333333333333, 0.07761666666666667, 0.07831666666666667, 0.079, 0.07975, 0.08055, 0.08125]"
"(128,)",ReLu,10,0.01,0.1,0.001,0,512,0.0845,"[21.46520338263211, 21.431577365792247, 21.401889689344568, 21.372964340017457, 21.338830404203925, 21.3091429652683, 21.285680595481068, 21.239859159561686, 21.203946966723187, 21.160920577165026, 21.112177437830905]","[0.06965, 0.07105, 0.07213333333333333, 0.0734, 0.07475, 0.07605, 0.07736666666666667, 0.0793, 0.0808, 0.08268333333333333, 0.0846]"
"(128,)",ReLu,10,0.01,0.1,0.001,0.85,512,0.2795,"[20.573349874773605, 20.413152074096697, 20.093915373713447, 19.725643946750726, 19.313292231811733, 18.869691267993524, 18.38112058361446, 17.921390732046934, 17.48351444247173, 17.062664152141046, 16.617424600396365]","[0.10813333333333333, 0.11536666666666667, 0.12861666666666666, 0.1443, 0.16263333333333332, 0.1819, 0.20335, 0.22325, 0.24183333333333334, 0.2609, 0.2803833333333333]"
"(128,)",ReLu,10,0.01,0.1,0,0,512,0.1032,"[21.067774480077762, 21.02788373815492, 20.992566457089456, 20.96029814992894, 20.924599747125363, 20.88140595013884, 20.835671341564883, 20.790698976467134, 20.74674293600438, 20.716761359272553, 20.666580330420558]","[0.08526666666666667, 0.08686666666666666, 0.08805, 0.08953333333333334, 0.09116666666666666, 0.0932, 0.0952, 0.09716666666666667, 0.0988, 0.1004, 0.10288333333333333]"
"(128,)",ReLu,10,0.01,0.1,0,0.85,512,0.2772,"[20.100106387000224, 19.89074351219495, 19.643903666474873, 19.36555775707055, 19.05862771730747, 18.744075242782074, 18.389377945175063, 18.016386804138495, 17.626118144307288, 17.178427142599894, 16.72590859887635]","[0.12671666666666667, 0.13601666666666667, 0.1471, 0.1592, 0.17233333333333334, 0.18601666666666666, 0.20095, 0.21733333333333332, 0.23461666666666667, 0.25383333333333336, 0.27398333333333336]"
"(128,)",ReLu,10,0.01,0.2,0.001,0,512,0.0868,"[21.492181955737298, 21.45440248300242, 21.427421638391593, 21.402727704364032, 21.363297229242363, 21.33174343417819, 21.292694416314557, 21.250342503577013, 21.20570402451521, 21.168052935855897, 21.11477601506392]","[0.07001666666666667, 0.0716, 0.07256666666666667, 0.07365, 0.07523333333333333, 0.07661666666666667, 0.07861666666666667, 0.0804, 0.08228333333333333, 0.08393333333333333, 0.08605]"
"(128,)",ReLu,10,0.01,0.2,0.001,0.85,512,0.2749,"[20.60271357822076, 20.4446705860905, 20.113121967245387, 19.723775803214426, 19.309408183336057, 18.86646182349646, 18.425807402385896, 17.964323491828278, 17.55912365047557, 17.203347659588633, 16.818992557846855]","[0.10838333333333333, 0.11553333333333334, 0.12911666666666666, 0.14595, 0.16438333333333333, 0.18363333333333334, 0.203, 0.22291666666666668, 0.2403, 0.2563166666666667, 0.27336666666666665]"
"(128,)",ReLu,10,0.01,0.2,0,0,512,0.106,"[21.04795614969571, 21.012257746892132, 20.97135068033431, 20.91608802830744, 20.874926880590873, 20.84138816763662, 20.79387499095145, 20.743948043258197, 20.68614457964387, 20.63748803774435, 20.582225385717468]","[0.08613333333333334, 0.08755, 0.08905, 0.09146666666666667, 0.09326666666666666, 0.09495, 0.0971, 0.09928333333333333, 0.10145, 0.10386666666666666, 0.1065]"
"(128,)",ReLu,10,0.01,0.2,0,0.85,512,0.272,"[20.06478910593476, 19.8873134165519, 19.686081138826435, 19.406718904787112, 19.10931690847694, 18.78676087745111, 18.39903302920735, 17.992122053478415, 17.574031506764722, 17.176775615068056, 16.7995921349122]","[0.12855, 0.13616666666666666, 0.14518333333333333, 0.1574, 0.17011666666666667, 0.18415, 0.20081666666666667, 0.21846666666666667, 0.23675, 0.25361666666666666, 0.2708333333333333]"
"(128,)",LeakyReLu(0.03),10,0.001,0.1,0.001,0,512,0.0912,"[20.93207254090121, 20.924200008491496, 20.9315723460655, 20.92471613967609, 20.914683919884226, 20.915958312298883, 20.9117699605621, 20.90351631077185, 20.902376934320703, 20.9061921412494, 20.901876751799357]","[0.09238333333333333, 0.09258333333333334, 0.09276666666666666, 0.09285, 0.093, 0.09323333333333333, 0.09341666666666666, 0.09363333333333333, 0.09368333333333333, 0.09373333333333334, 0.09385]"
"(128,)",LeakyReLu(0.03),10,0.001,0.1,0.001,0.85,512,0.1893,"[19.24989491573927, 19.196309479611728, 19.14793402954453, 19.108451448313733, 19.07595612904121, 19.040030739665315, 19.00562986450976, 18.98545756283063, 18.938098603395325, 18.907127907423746, 18.866756236253902]","[0.16573333333333334, 0.16771666666666665, 0.16961666666666667, 0.1712, 0.17298333333333332, 0.1747, 0.17613333333333334, 0.17766666666666667, 0.17901666666666666, 0.18051666666666666, 0.18228333333333332]"
"(128,)",LeakyReLu(0.03),10,0.001,0.1,0,0,512,0.1139,"[20.4001762354772, 20.4119910093588, 20.40640122386643, 20.405384899231457, 20.411101725303194, 20.39509461230231, 20.40068439779469, 20.39623797751666, 20.392299719556135, 20.4001762354772, 20.389885948548045]","[0.11345, 0.11358333333333333, 0.11368333333333333, 0.1138, 0.11376666666666667, 0.11403333333333333, 0.11415, 0.1142, 0.1143, 0.11431666666666666, 0.11433333333333333]"
"(128,)",LeakyReLu(0.03),10,0.001,0.1,0,0.85,512,0.0928,"[20.823729527103897, 20.81648821407968, 20.806833130047398, 20.773040335934418, 20.766434225807064, 20.75563577656043, 20.750173031647435, 20.743439880940713, 20.71663431869319, 20.700627205692303, 20.701262408589145]","[0.09565, 0.09596666666666667, 0.09653333333333333, 0.09743333333333333, 0.09786666666666667, 0.09848333333333334, 0.09886666666666667, 0.09945, 0.10011666666666667, 0.10081666666666667, 0.10115]"
"(128,)",LeakyReLu(0.03),10,0.001,0.2,0.001,0,512,0.0926,"[20.935352995557775, 20.926722120938567, 20.936766212527044, 20.928770543798294, 20.917471822212782, 20.920020525215623, 20.91736056605964, 20.91330316161554, 20.912167692354075, 20.91204854936798, 20.907737068795942]","[0.09378333333333333, 0.09401666666666667, 0.09408333333333334, 0.09421666666666667, 0.09435, 0.0946, 0.09471666666666667, 0.09475, 0.0948, 0.09495, 0.09506666666666666]"
"(128,)",LeakyReLu(0.03),10,0.001,0.2,0.001,0.85,512,0.1909,"[19.273849671138, 19.2257521076098, 19.184771436727264, 19.14493419038234, 19.115768416315614, 19.07898026136481, 19.036094215932405, 19.016456655616825, 18.97484112999776, 18.947073086525382, 18.910539300478916]","[0.16623333333333334, 0.16805, 0.1697, 0.17108333333333334, 0.17286666666666667, 0.17455, 0.17628333333333332, 0.17786666666666667, 0.17896666666666666, 0.1804, 0.182]"
"(128,)",LeakyReLu(0.03),10,0.001,0.2,0,0,512,0.1139,"[20.39331604419111, 20.407544589080786, 20.4010655195328, 20.401954803588406, 20.40309816880276, 20.390394110865554, 20.396873180413518, 20.393189003611724, 20.38963186738931, 20.39636501809603, 20.386455852905]","[0.11375, 0.11385, 0.11391666666666667, 0.11395, 0.11411666666666667, 0.11416666666666667, 0.11431666666666666, 0.11433333333333333, 0.11441666666666667, 0.11448333333333334, 0.11448333333333334]"
"(128,)",LeakyReLu(0.03),10,0.001,0.2,0,0.85,512,0.0922,"[20.805943845991788, 20.799718857602564, 20.798448451808856, 20.77532706636312, 20.767577591021418, 20.762241886687786, 20.747505179480605, 20.739374582400796, 20.707106275240275, 20.693004770929978, 20.688304269493198]","[0.0965, 0.0967, 0.0969, 0.09733333333333333, 0.09781666666666666, 0.09826666666666667, 0.09898333333333334, 0.0997, 0.10053333333333334, 0.10115, 0.10171666666666666]"
"(128,)",LeakyReLu(0.03),10,0.01,0.1,0.001,0,512,0.0999,"[21.09389405208347, 21.057345896970368, 21.032104436282758, 20.976627405637593, 20.93855501801719, 20.901880159406403, 20.849071226582392, 20.79334043932244, 20.743072476619908, 20.698140292457563, 20.63885259817736]","[0.08551666666666667, 0.0869, 0.08836666666666666, 0.09043333333333334, 0.09188333333333333, 0.09363333333333333, 0.09601666666666667, 0.09838333333333334, 0.1008, 0.10276666666666667, 0.10521666666666667]"
"(128,)",LeakyReLu(0.03),10,0.01,0.1,0.001,0.85,512,0.2735,"[20.73838755326595, 20.37479665073615, 19.995087641396722, 19.595309317769065, 19.197312440454127, 18.817231096165006, 18.41580961004113, 18.033319838925873, 17.61335569831361, 17.229600702108428, 16.840004392006048]","[0.10113333333333334, 0.11646666666666666, 0.13308333333333333, 0.15021666666666667, 0.16785, 0.1847, 0.20205, 0.21871666666666667, 0.23651666666666665, 0.2538166666666667, 0.27021666666666666]"
"(128,)",LeakyReLu(0.03),10,0.01,0.1,0,0,512,0.1098,"[21.058246436624856, 21.008954691828468, 20.9732562890249, 20.930570654355865, 20.87594320522584, 20.823983608262633, 20.788920408355924, 20.734928162122777, 20.695037420199927, 20.64447526960981, 20.597470255242126]","[0.08568333333333333, 0.08755, 0.08918333333333334, 0.09126666666666666, 0.09336666666666667, 0.09535, 0.09731666666666666, 0.09931666666666666, 0.10156666666666667, 0.10341666666666667, 0.10561666666666666]"
"(128,)",LeakyReLu(0.03),10,0.01,0.1,0,0.85,512,0.2699,"[21.0602790858948, 20.638504362379333, 20.12360889418406, 19.588386933289257, 19.056468027458134, 18.58324186929694, 18.138853922653215, 17.760527077283008, 17.389568585516372, 17.010606537249313, 16.669629622214494]","[0.08545, 0.10396666666666667, 0.1254, 0.14916666666666667, 0.1725, 0.19326666666666667, 0.21183333333333335, 0.22888333333333333, 0.24546666666666667, 0.26066666666666666, 0.2763]"
"(128,)",LeakyReLu(0.03),10,0.01,0.2,0.001,0,512,0.103,"[21.137545224042547, 21.078295591914763, 21.057412388304904, 21.009088601156424, 20.951745104482182, 20.904183900848984, 20.844935124577134, 20.799279849848404, 20.742572204551024, 20.690819290994693, 20.629030321262377]","[0.08521666666666666, 0.08745, 0.0888, 0.0907, 0.09285, 0.09515, 0.0976, 0.09981666666666666, 0.1023, 0.10478333333333334, 0.1072]"
"(128,)",LeakyReLu(0.03),10,0.01,0.2,0.001,0.85,512,0.2588,"[20.83077534996964, 20.534891250558175, 20.217188137187485, 19.844609622523734, 19.474323490088338, 19.10569441465416, 18.72335022000207, 18.33427813695335, 17.93847804690962, 17.586385031424598, 17.20012317336914]","[0.0987, 0.11108333333333334, 0.125, 0.14088333333333333, 0.15731666666666666, 0.17375, 0.19035, 0.20731666666666668, 0.224, 0.24021666666666666, 0.25605]"
"(128,)",LeakyReLu(0.03),10,0.01,0.2,0,0,512,0.1084,"[21.092039230737843, 21.03982555261589, 20.995361349835648, 20.955851729650927, 20.90274876747337, 20.84405601980343, 20.817885660452777, 20.761987805529035, 20.72501899693174, 20.66302319419815, 20.619829397211618]","[0.08413333333333334, 0.0862, 0.08821666666666667, 0.09023333333333333, 0.09226666666666666, 0.0944, 0.09605, 0.09813333333333334, 0.10018333333333333, 0.10253333333333334, 0.10456666666666667]"
"(128,)",LeakyReLu(0.03),10,0.01,0.2,0,0.85,512,0.2595,"[21.102964720563847, 20.62173500590219, 20.056912590013688, 19.52130950738079, 19.043382847782805, 18.640029008276283, 18.241883832524028, 17.909037514569032, 17.580256495153947, 17.226067359864448, 16.909990398386572]","[0.08358333333333333, 0.1047, 0.12831666666666666, 0.1521, 0.173, 0.19078333333333333, 0.20761666666666667, 0.22253333333333333, 0.2372, 0.2513166666666667, 0.26593333333333335]"
"(64, 64)",ReLu,10,0.001,0.1,0.001,0,512,0.1398,"[19.893164885962584, 19.89774196572101, 19.883389999486404, 19.889745648166933, 19.87755337295647, 19.88924472727328, 19.884166725486764, 19.888235645837597, 19.890398958290213, 19.886337283147334, 19.893328138652]","[0.13765, 0.13766666666666666, 0.13771666666666665, 0.1378, 0.13768333333333332, 0.13775, 0.13768333333333332, 0.13765, 0.1377, 0.13773333333333335, 0.13771666666666665]"
"(64, 64)",ReLu,10,0.001,0.1,0.001,0.85,512,0.1132,"[20.565946489671656, 20.548691972788678, 20.536266178464977, 20.510501147848252, 20.506968240305476, 20.480059888705366, 20.46572857725772, 20.463212059555495, 20.44468845273605, 20.425529663775805, 20.425172901715612]","[0.10836666666666667, 0.10905, 0.10966666666666666, 0.11021666666666667, 0.11095, 0.11176666666666667, 0.11246666666666667, 0.11308333333333333, 0.11353333333333333, 0.11408333333333333, 0.11475]"
"(64, 64)",ReLu,10,0.001,0.1,0,0,512,0.0837,"[21.052021448235617, 21.05507042214056, 21.05316481344997, 21.067647439498387, 21.06409030327598, 21.050496961283145, 21.061168369950412, 21.054054097505585, 21.063963262696593, 21.06663111486341, 21.05507042214055]","[0.08566666666666667, 0.08553333333333334, 0.0854, 0.08541666666666667, 0.0855, 0.08551666666666667, 0.08548333333333333, 0.08543333333333333, 0.08543333333333333, 0.08531666666666667, 0.08531666666666667]"
"(64, 64)",ReLu,10,0.001,0.1,0,0.85,512,0.129,"[20.204406702664738, 20.191702644727542, 20.1849694940208, 20.185223575179542, 20.164007798424414, 20.160323621622613, 20.146857320209158, 20.12106808259663, 20.117002784056712, 20.1034094420639, 20.0942625203491]","[0.12251666666666666, 0.123, 0.12336666666666667, 0.12371666666666667, 0.12428333333333333, 0.12473333333333333, 0.12525, 0.1258, 0.12626666666666667, 0.12671666666666667, 0.12711666666666666]"
"(64, 64)",ReLu,10,0.001,0.2,0.001,0,512,0.1341,"[20.00369779277593, 20.01678971229142, 20.00523576189829, 20.011467495843284, 20.000167633763315, 20.01910343297656, 20.01606121480174, 20.02953427481832, 20.03741755373582, 20.0383136049667, 20.048610661185997]","[0.13426666666666667, 0.13398333333333334, 0.13376666666666667, 0.13378333333333334, 0.1337, 0.13345, 0.13336666666666666, 0.13306666666666667, 0.13286666666666666, 0.13246666666666668, 0.13223333333333334]"
"(64, 64)",ReLu,10,0.001,0.2,0.001,0.85,512,0.1212,"[20.581046616730784, 20.561652421353674, 20.525745262937008, 20.476498992049077, 20.45215279775125, 20.42729856052484, 20.396346487538146, 20.382290907458025, 20.377509392738833, 20.34020557947474, 20.32932629136393]","[0.10915, 0.11, 0.1115, 0.11315, 0.11465, 0.11545, 0.11673333333333333, 0.11778333333333334, 0.11806666666666667, 0.11926666666666667, 0.12025]"
"(64, 64)",ReLu,10,0.001,0.2,0,0,512,0.0819,"[21.05837347720422, 21.068282642395257, 21.069426007609607, 21.091531068420352, 21.099661665500157, 21.08810097277729, 21.104489207516295, 21.09445300174593, 21.10194839592887, 21.107284100262497, 21.099661665500157]","[0.08531666666666667, 0.08488333333333334, 0.08461666666666667, 0.0843, 0.08401666666666667, 0.0838, 0.08373333333333334, 0.08366666666666667, 0.0837, 0.08368333333333333, 0.08358333333333333]"
"(64, 64)",ReLu,10,0.001,0.2,0,0.85,512,0.1374,"[20.057293711751807, 20.037983543687243, 20.014099914765286, 19.99199485395454, 19.971922442413735, 19.949817381602987, 19.93088833527654, 19.90865623388642, 19.90509909766399, 19.882994036853244, 19.86114305720124]","[0.12873333333333334, 0.12965, 0.13076666666666667, 0.13195, 0.13268333333333332, 0.13386666666666666, 0.13455, 0.13501666666666667, 0.13553333333333334, 0.13628333333333334, 0.13716666666666666]"
"(64, 64)",ReLu,10,0.01,0.1,0.001,0,512,0.0784,"[21.259855826837956, 21.257351278908043, 21.242142725488875, 21.236208187454658, 21.226970647025542, 21.224339269153916, 21.21497479155111, 21.208024138125765, 21.203360268721536, 21.191201057084076, 21.190221466029506]","[0.0781, 0.0785, 0.07873333333333334, 0.07906666666666666, 0.0794, 0.07951666666666667, 0.07978333333333333, 0.08023333333333334, 0.08058333333333334, 0.0809, 0.08123333333333334]"
"(64, 64)",ReLu,10,0.01,0.1,0.001,0.85,512,0.1884,"[19.82213663342791, 19.719594031747008, 19.63383450639505, 19.51809544470572, 19.420017079843902, 19.30860150843842, 19.197188010589798, 19.07281846340296, 18.945783156565057, 18.806808151217933, 18.67799852784862]","[0.14075, 0.14488333333333334, 0.14936666666666668, 0.15393333333333334, 0.15823333333333334, 0.1629, 0.16778333333333334, 0.17301666666666668, 0.17836666666666667, 0.18438333333333334, 0.19031666666666666]"
"(64, 64)",ReLu,10,0.01,0.1,0,0,512,0.0773,"[21.292128143248956, 21.290222534558367, 21.280186328787973, 21.259351673770936, 21.23991446512701, 21.237881815857044, 21.221747662276798, 21.203834940585317, 21.197228830457973, 21.181221717457067, 21.17486968848847]","[0.07516666666666667, 0.07546666666666667, 0.07605, 0.07681666666666667, 0.07723333333333333, 0.0779, 0.07853333333333333, 0.0791, 0.07953333333333333, 0.08023333333333334, 0.08058333333333334]"
"(64, 64)",ReLu,10,0.01,0.1,0,0.85,512,0.1731,"[20.57930345239191, 20.447562371583007, 20.291048377796542, 20.136439992700655, 19.993011178589505, 19.849074202160892, 19.68570001708832, 19.515846762467785, 19.365049594753064, 19.178935145972876, 19.02635941014695]","[0.10648333333333333, 0.11188333333333333, 0.1188, 0.12563333333333335, 0.13161666666666666, 0.1382, 0.1452, 0.15226666666666666, 0.15936666666666666, 0.16656666666666667, 0.1736]"
"(64, 64)",ReLu,10,0.01,0.2,0.001,0,512,0.0924,"[21.27065026683411, 21.264492867064, 21.235976650327913, 21.213431651834625, 21.189235415254892, 21.163896090457722, 21.12420143547588, 21.074089705638276, 21.02829759951498, 20.973104716827446, 20.924772234990268]","[0.07893333333333333, 0.07956666666666666, 0.08038333333333333, 0.0813, 0.08221666666666666, 0.08361666666666667, 0.08528333333333334, 0.08733333333333333, 0.08948333333333333, 0.0919, 0.09423333333333334]"
"(64, 64)",ReLu,10,0.01,0.2,0.001,0.85,512,0.2793,"[19.939390122282287, 19.812921786669815, 19.6543406073936, 19.395021955820788, 19.043858282380576, 18.662718023895884, 18.221492403801783, 17.8088556150848, 17.461649271876922, 17.11165256818404, 16.78795778726241]","[0.13706666666666667, 0.14218333333333333, 0.14993333333333334, 0.16071666666666667, 0.17573333333333332, 0.19235, 0.21123333333333333, 0.22908333333333333, 0.24465, 0.25961666666666666, 0.2734333333333333]"
"(64, 64)",ReLu,10,0.01,0.2,0,0,512,0.0848,"[21.335321940235474, 21.312073514210383, 21.28387050558977, 21.255159334651665, 21.217428282578137, 21.19621250582301, 21.16356307692435, 21.135995271200603, 21.094325961166536, 21.068282642395253, 21.024961804829353]","[0.07335, 0.07458333333333333, 0.07581666666666667, 0.077, 0.07821666666666667, 0.07965, 0.08071666666666667, 0.08185, 0.08381666666666666, 0.0851, 0.08706666666666667]"
"(64, 64)",ReLu,10,0.01,0.2,0,0.85,512,0.2302,"[20.31061262701984, 20.053355453791273, 19.82950995293758, 19.562343614517975, 19.30940582098807, 19.0694261665541, 18.81585317012732, 18.548559791128355, 18.281901615026243, 18.029599024393182, 17.779964285926944]","[0.11823333333333333, 0.12883333333333333, 0.13898333333333332, 0.15066666666666667, 0.16136666666666666, 0.17171666666666666, 0.18316666666666667, 0.19435, 0.20651666666666665, 0.2169, 0.2276]"
"(64, 64)",LeakyReLu(0.03),10,0.001,0.1,0.001,0,512,0.101,"[20.819880588267385, 20.81454848696018, 20.822555647058238, 20.816461303173224, 20.821419490085557, 20.814054741781316, 20.814820590925326, 20.81698388670275, 20.818639020921342, 20.80149214978491, 20.814326855698248]","[0.09711666666666667, 0.09713333333333334, 0.09721666666666667, 0.09726666666666667, 0.09726666666666667, 0.0973, 0.09726666666666667, 0.09731666666666666, 0.09731666666666666, 0.09741666666666667, 0.09743333333333333]"
"(64, 64)",LeakyReLu(0.03),10,0.001,0.1,0.001,0.85,512,0.1387,"[19.86840489993289, 19.857883727320704, 19.837708659926616, 19.82884022775576, 19.822385587679744, 19.82368044392991, 19.797788636232074, 19.77634327305283, 19.768364231796127, 19.752000535215128, 19.738304711418827]","[0.13836666666666667, 0.1389, 0.13956666666666667, 0.1401, 0.1406, 0.14105, 0.14175, 0.1424, 0.14296666666666666, 0.14346666666666666, 0.14406666666666668]"
"(64, 64)",LeakyReLu(0.03),10,0.001,0.1,0,0,512,0.1027,"[20.674837968079753, 20.679411428937154, 20.669121142008002, 20.675727252135356, 20.674075724603515, 20.67471092750038, 20.666453289841183, 20.67661653619096, 20.67521908981786, 20.672297156492306, 20.675219089817865]","[0.10201666666666667, 0.10203333333333334, 0.10205, 0.10205, 0.10205, 0.10216666666666667, 0.10216666666666667, 0.1023, 0.10243333333333333, 0.10241666666666667, 0.10243333333333333]"
"(64, 64)",LeakyReLu(0.03),10,0.001,0.1,0,0.85,512,0.082,"[21.005397555606045, 20.996504715049994, 21.021658749765685, 21.019372019336984, 21.02762965699617, 21.029916387424873, 21.03436280770289, 21.045161256949505, 21.043509729417675, 21.047702068536964, 21.048718393171942]","[0.08785, 0.08751666666666667, 0.08728333333333334, 0.08716666666666667, 0.08695, 0.08685, 0.08658333333333333, 0.0864, 0.08618333333333333, 0.086, 0.08588333333333334]"
"(64, 64)",LeakyReLu(0.03),10,0.001,0.2,0.001,0,512,0.1003,"[20.89632129559405, 20.89404127718991, 20.90929286182113, 20.905107239696267, 20.90778181114847, 20.902325790092476, 20.892042229079102, 20.897130579859194, 20.897010270489222, 20.88431294609262, 20.88940130468034]","[0.09521666666666667, 0.0951, 0.09486666666666667, 0.09483333333333334, 0.09493333333333333, 0.09488333333333333, 0.09511666666666667, 0.09518333333333333, 0.09533333333333334, 0.09538333333333333, 0.09545]"
"(64, 64)",LeakyReLu(0.03),10,0.001,0.2,0.001,0.85,512,0.1367,"[19.913905957055576, 19.89044735119305, 19.872834932793566, 19.870467500654573, 19.841929810939735, 19.82660443733629, 19.80492712131629, 19.780582051272397, 19.776563556233626, 19.765939037523886, 19.763064068567694]","[0.13775, 0.13885, 0.13933333333333334, 0.13958333333333334, 0.14105, 0.1423, 0.14281666666666668, 0.14366666666666666, 0.1437, 0.14438333333333334, 0.14458333333333334]"
"(64, 64)",LeakyReLu(0.03),10,0.001,0.2,0,0,512,0.101,"[20.672170115912934, 20.67394868402415, 20.664039518833118, 20.671916034754194, 20.67344052170666, 20.678268063722804, 20.66975634490486, 20.686525701381996, 20.689447634707545, 20.683222646318317, 20.688812431810685]","[0.10213333333333334, 0.1022, 0.1022, 0.10221666666666666, 0.10215, 0.10208333333333333, 0.10195, 0.10186666666666666, 0.10188333333333334, 0.10186666666666666, 0.10176666666666667]"
"(64, 64)",LeakyReLu(0.03),10,0.001,0.2,0,0.85,512,0.0708,"[21.176013053702818, 21.182873244988905, 21.233435395579015, 21.249696589738644, 21.261003201302763, 21.275993989668706, 21.296447522947613, 21.314360244639072, 21.307627093932346, 21.30864341856731, 21.31690105622651]","[0.08053333333333333, 0.07936666666666667, 0.07816666666666666, 0.07716666666666666, 0.07681666666666667, 0.07601666666666666, 0.07526666666666666, 0.07448333333333333, 0.07441666666666667, 0.07451666666666666, 0.0743]"
"(64, 64)",LeakyReLu(0.03),10,0.01,0.1,0.001,0,512,0.1095,"[20.60864037162743, 20.601307817337, 20.587623296444654, 20.574065885687876, 20.573974840013516, 20.546061970491394, 20.543303199573753, 20.516660863051936, 20.505898662596206, 20.50009110596802, 20.47395711898284]","[0.10628333333333333, 0.10675, 0.10713333333333333, 0.10758333333333334, 0.10816666666666666, 0.10888333333333333, 0.10936666666666667, 0.11031666666666666, 0.11071666666666667, 0.11111666666666667, 0.1119]"
"(64, 64)",LeakyReLu(0.03),10,0.01,0.1,0.001,0.85,512,0.1731,"[20.342079546054848, 20.275230681582606, 20.18883181118067, 20.093288636874448, 19.971577646531944, 19.867908863155662, 19.74404300601214, 19.593500952678653, 19.484630519911175, 19.343494042579422, 19.201470566898053]","[0.11765, 0.12058333333333333, 0.12473333333333333, 0.12885, 0.13396666666666668, 0.13858333333333334, 0.14386666666666667, 0.15031666666666665, 0.15545, 0.16141666666666668, 0.16756666666666667]"
"(64, 64)",LeakyReLu(0.03),10,0.01,0.1,0,0,512,0.0845,"[21.30953270262293, 21.298353131638184, 21.285522033121595, 21.26443329694583, 21.24677465641309, 21.222509905753025, 21.208535442022075, 21.195958424664237, 21.17423448559161, 21.15505135810641, 21.12621314658895]","[0.07433333333333333, 0.07496666666666667, 0.07581666666666667, 0.07666666666666666, 0.07736666666666667, 0.07806666666666667, 0.07875, 0.07973333333333334, 0.08046666666666667, 0.08145, 0.08256666666666666]"
"(64, 64)",LeakyReLu(0.03),10,0.01,0.1,0,0.85,512,0.1179,"[21.57492047293132, 21.48243493114841, 21.38550296908747, 21.288952128764638, 21.179189068187128, 21.0863224046661, 20.99612359331189, 20.86616108061418, 20.73098990416223, 20.601662594361404, 20.445402681733675]","[0.06301666666666667, 0.06713333333333334, 0.07108333333333333, 0.07566666666666666, 0.08003333333333333, 0.08416666666666667, 0.0884, 0.09386666666666667, 0.09985, 0.10543333333333334, 0.11248333333333334]"
"(64, 64)",LeakyReLu(0.03),10,0.01,0.2,0.001,0,512,0.1179,"[20.54180757227827, 20.522055485204554, 20.512721227755506, 20.50211704217786, 20.49532448815755, 20.440765047014402, 20.43346504656481, 20.415239868858684, 20.369574216736325, 20.33673992464019, 20.31330688228358]","[0.11065, 0.11151666666666667, 0.112, 0.11225, 0.11298333333333334, 0.11486666666666667, 0.11533333333333333, 0.11613333333333334, 0.11791666666666667, 0.1195, 0.1206]"
"(64, 64)",LeakyReLu(0.03),10,0.01,0.2,0.001,0.85,512,0.2524,"[20.37596023609791, 20.248077823246067, 20.126328869712506, 19.94106849068028, 19.75111429638404, 19.478843562187645, 19.1317512731154, 18.699038644090866, 18.258962608023214, 17.832738730808043, 17.449205221283563]","[0.11768333333333333, 0.12315, 0.12878333333333333, 0.13661666666666666, 0.14501666666666665, 0.15636666666666665, 0.17221666666666666, 0.19058333333333333, 0.2105, 0.22858333333333333, 0.24501666666666666]"
"(64, 64)",LeakyReLu(0.03),10,0.01,0.2,0,0,512,0.0996,"[21.22937009703912, 21.175377850805962, 21.134724865406877, 21.089752500309142, 21.04681278448136, 20.99256645708946, 20.949626741261675, 20.907068147172023, 20.846342750232136, 20.78091685185549, 20.736706730233976]","[0.07776666666666666, 0.0802, 0.08226666666666667, 0.08423333333333333, 0.08596666666666666, 0.08805, 0.09, 0.09236666666666667, 0.09473333333333334, 0.09745, 0.0996]"
"(64, 64)",LeakyReLu(0.03),10,0.01,0.2,0,0.85,512,0.2071,"[21.72343091021734, 21.459567626861418, 21.17398040443287, 20.90046203704466, 20.544621374223315, 20.170105746234267, 19.83357525147748, 19.446863727868713, 19.097502134595345, 18.728703332678045, 18.3769279683966]","[0.05645, 0.06813333333333334, 0.08011666666666667, 0.09236666666666667, 0.10756666666666667, 0.1238, 0.13895, 0.15528333333333333, 0.17106666666666667, 0.18661666666666665, 0.202]"
"(128, 64)",ReLu,10,0.001,0.1,0.001,0,512,0.0646,"[21.434780235065308, 21.432752584766334, 21.435806558253084, 21.430221772797456, 21.436959924275634, 21.435440438802786, 21.43404799438214, 21.42884433356737, 21.43380391969902, 21.42656761073888, 21.426572615641575]","[0.0706, 0.07061666666666666, 0.0707, 0.0708, 0.07086666666666666, 0.07093333333333333, 0.07106666666666667, 0.07115, 0.07115, 0.07125, 0.07125]"
"(128, 64)",ReLu,10,0.001,0.1,0.001,0.85,512,0.0952,"[20.90107980391929, 20.89755392386167, 20.891361818635318, 20.87703916593061, 20.864495136205523, 20.874818458565226, 20.869515838041057, 20.8592586779642, 20.84137913318551, 20.843826124467398, 20.831409414169993]","[0.09401666666666667, 0.09431666666666666, 0.09473333333333334, 0.095, 0.09533333333333334, 0.09531666666666666, 0.09555, 0.096, 0.09656666666666666, 0.09675, 0.09715]"
"(128, 64)",ReLu,10,0.001,0.1,0,0,512,0.1095,"[20.607887582750646, 20.6030600407345, 20.608522785647498, 20.60547381174257, 20.59454832191656, 20.59480240307531, 20.601916675520144, 20.592134550908487, 20.589339658162306, 20.58908557700357, 20.594421281337194]","[0.10501666666666666, 0.10508333333333333, 0.10513333333333333, 0.10526666666666666, 0.10538333333333333, 0.10551666666666666, 0.10556666666666667, 0.10563333333333333, 0.10568333333333334, 0.10576666666666666, 0.10575]"
"(128, 64)",ReLu,10,0.001,0.1,0,0.85,512,0.0727,"[21.481164525354682, 21.477099226814776, 21.4737961717511, 21.456772734115248, 21.45575640948026, 21.450928867464114, 21.438224809526897, 21.431618699399568, 21.42005800667668, 21.408243232795087, 21.402145284985227]","[0.06733333333333333, 0.06736666666666667, 0.06758333333333333, 0.06796666666666666, 0.0683, 0.06858333333333333, 0.06906666666666667, 0.06928333333333334, 0.06971666666666666, 0.07001666666666667, 0.07028333333333334]"
"(128, 64)",ReLu,10,0.001,0.2,0.001,0,512,0.0653,"[21.497523802456577, 21.48851340648772, 21.489666260347544, 21.479639546132088, 21.492480140363266, 21.487789138417252, 21.483225179924418, 21.47866122632291, 21.475367681720698, 21.46635731415524, 21.458871437674052]","[0.06981666666666667, 0.07006666666666667, 0.07023333333333333, 0.07038333333333334, 0.0704, 0.07053333333333334, 0.07073333333333333, 0.07093333333333333, 0.07115, 0.0714, 0.07158333333333333]"
"(128, 64)",ReLu,10,0.001,0.2,0.001,0.85,512,0.0988,"[20.934474040271933, 20.91471384339372, 20.896735593964106, 20.874438354100775, 20.856333806747543, 20.856650435402017, 20.832067372707996, 20.817139616636663, 20.789126907755655, 20.78118680029447, 20.759653542745724]","[0.09445, 0.09531666666666666, 0.09625, 0.09708333333333333, 0.09773333333333334, 0.09808333333333333, 0.09901666666666667, 0.09981666666666666, 0.1009, 0.10146666666666666, 0.10205]"
"(128, 64)",ReLu,10,0.001,0.2,0,0,512,0.1115,"[20.585782521939894, 20.577906006018818, 20.575619275590114, 20.566853475613435, 20.54855963218386, 20.547289226390124, 20.556182066946185, 20.536236695984748, 20.53344180323857, 20.5218811105157, 20.518196933713917]","[0.10598333333333333, 0.10618333333333334, 0.1065, 0.10688333333333333, 0.10725, 0.10745, 0.10756666666666667, 0.10793333333333334, 0.1082, 0.10863333333333333, 0.10908333333333334]"
"(128, 64)",ReLu,10,0.001,0.2,0,0.85,512,0.0761,"[21.49031144706947, 21.478115551449758, 21.46960383263182, 21.45219927325784, 21.4568997746946, 21.447244690662327, 21.427934522597756, 21.408116192215704, 21.395158053119754, 21.374323398102725, 21.36288974595922]","[0.06693333333333333, 0.06725, 0.06776666666666667, 0.06816666666666667, 0.06825, 0.06881666666666666, 0.06951666666666667, 0.07038333333333334, 0.07073333333333333, 0.0715, 0.072]"
"(128, 64)",ReLu,10,0.01,0.1,0.001,0,512,0.093,"[21.25983339817444, 21.227996243949814, 21.19374539531114, 21.14704464666994, 21.123592400126796, 21.095058603954595, 21.06385703114294, 21.018554030258546, 20.99395871845062, 20.962122165914195, 20.931683134143448]","[0.07861666666666667, 0.08008333333333334, 0.08158333333333333, 0.08326666666666667, 0.08458333333333333, 0.08583333333333333, 0.0872, 0.08875, 0.09033333333333333, 0.09136666666666667, 0.09291666666666666]"
"(128, 64)",ReLu,10,0.01,0.1,0.001,0.85,512,0.2017,"[20.36472045761219, 20.171302913568535, 20.009029797836497, 19.852603850935395, 19.70774180756574, 19.52527887012696, 19.323889977586944, 19.11411943898279, 18.88440660019971, 18.663589640359287, 18.42956353566971]","[0.11755, 0.12595, 0.13291666666666666, 0.1397, 0.14583333333333334, 0.1539, 0.16265, 0.17198333333333332, 0.18146666666666667, 0.19128333333333333, 0.20175]"
"(128, 64)",ReLu,10,0.01,0.1,0,0,512,0.107,"[20.752713843234872, 20.72463787519364, 20.718031765066275, 20.695037420199917, 20.67674357677034, 20.64892168988783, 20.624911020386495, 20.591118226273515, 20.553895336517478, 20.534585168452928, 20.501554617816172]","[0.09911666666666667, 0.09976666666666667, 0.10041666666666667, 0.10091666666666667, 0.10193333333333333, 0.10336666666666666, 0.10441666666666667, 0.10596666666666667, 0.10701666666666666, 0.10815, 0.10966666666666666]"
"(128, 64)",ReLu,10,0.01,0.1,0,0.85,512,0.2353,"[20.42545731077226, 20.293335108225225, 20.12996092315267, 19.90586134114023, 19.68176175912778, 19.423869383002348, 19.138917363470657, 18.801116462920167, 18.483260933331078, 18.172900797924957, 17.856188633550225]","[0.11328333333333333, 0.11848333333333333, 0.12591666666666668, 0.13528333333333334, 0.14508333333333334, 0.15643333333333334, 0.16853333333333334, 0.18345, 0.19735, 0.21128333333333332, 0.2247]"
"(128, 64)",ReLu,10,0.01,0.2,0.001,0,512,0.1153,"[21.24532433421202, 21.135529142921946, 21.043393000102597, 20.944905207047842, 20.863441202773956, 20.7799448674775, 20.72338144054329, 20.637726013571758, 20.575700402396205, 20.49754088416952, 20.4352616832525]","[0.08121666666666667, 0.08595, 0.08998333333333333, 0.09393333333333333, 0.09771666666666666, 0.1013, 0.10385, 0.10738333333333333, 0.11031666666666666, 0.11366666666666667, 0.11646666666666666]"
"(128, 64)",ReLu,10,0.01,0.2,0.001,0.85,512,0.2725,"[20.447158337404517, 20.24564680704285, 20.03388839806319, 19.683537859433333, 19.295972497490936, 18.90752514585698, 18.478177727041565, 18.078818531382705, 17.66790527592528, 17.23895870524931, 16.893484360237807]","[0.11591666666666667, 0.12446666666666667, 0.13411666666666666, 0.14903333333333332, 0.16565, 0.18288333333333334, 0.2014, 0.21918333333333334, 0.23653333333333335, 0.25503333333333333, 0.27075]"
"(128, 64)",ReLu,10,0.01,0.2,0,0,512,0.1308,"[20.75614393887791, 20.68538233616763, 20.60420340594884, 20.510574498951584, 20.440066977400054, 20.38061198625388, 20.29295398648712, 20.221303099721233, 20.12081400143787, 20.03785650310787, 19.958583181579655]","[0.09896666666666666, 0.10148333333333333, 0.10525, 0.10898333333333333, 0.11228333333333333, 0.11488333333333334, 0.11871666666666666, 0.12185, 0.12566666666666668, 0.12958333333333333, 0.13348333333333334]"
"(128, 64)",ReLu,10,0.01,0.2,0,0.85,512,0.3172,"[20.43155525858212, 20.12399001592219, 19.685064814191453, 19.159879059067062, 18.643205022760597, 18.135677908168923, 17.664103277539567, 17.192401606330833, 16.768594233545393, 16.35583939116533, 15.933810586491102]","[0.11301666666666667, 0.12581666666666666, 0.14508333333333334, 0.16783333333333333, 0.19006666666666666, 0.21211666666666668, 0.23288333333333333, 0.2535833333333333, 0.27168333333333333, 0.2901666666666667, 0.30811666666666665]"
"(128, 64)",LeakyReLu(0.03),10,0.001,0.1,0.001,0,512,0.0953,"[20.885327841792616, 20.883681344957843, 20.867806303919444, 20.879117947470874, 20.876836249868056, 20.87074333555182, 20.861728488511435, 20.867196268166392, 20.867582425374927, 20.86885786717604, 20.87369044592381]","[0.09521666666666667, 0.09521666666666667, 0.09533333333333334, 0.09541666666666666, 0.09551666666666667, 0.09556666666666666, 0.0956, 0.09565, 0.09563333333333333, 0.09565, 0.0958]"
"(128, 64)",LeakyReLu(0.03),10,0.001,0.1,0.001,0.85,512,0.1111,"[20.57749245730282, 20.567995828205426, 20.546177890561875, 20.521183984344994, 20.48996513308436, 20.48364628105855, 20.47338921343599, 20.44979292434728, 20.431786460050272, 20.40831729663439, 20.39958487797008]","[0.10816666666666666, 0.1088, 0.10968333333333333, 0.11063333333333333, 0.11156666666666666, 0.11191666666666666, 0.11301666666666667, 0.11405, 0.11455, 0.11543333333333333, 0.11625]"
"(128, 64)",LeakyReLu(0.03),10,0.001,0.1,0,0,512,0.0915,"[20.96334712383387, 20.966523138318173, 20.969190990484986, 20.961568555722664, 20.962076718040137, 20.95839254123836, 20.96245783977826, 20.96055223108769, 20.958900703555837, 20.950388984737916, 20.95801141950023]","[0.0894, 0.08933333333333333, 0.08943333333333334, 0.08955, 0.0896, 0.08961666666666666, 0.0898, 0.08988333333333333, 0.08988333333333333, 0.08996666666666667, 0.09006666666666667]"
"(128, 64)",LeakyReLu(0.03),10,0.001,0.1,0,0.85,512,0.051,"[21.901414761917707, 21.899509153227118, 21.877912254733854, 21.855553112764362, 21.826460820088148, 21.805626165071118, 21.78529967237158, 21.76433797677516, 21.752777284052282, 21.732577831932137, 21.711235014597616]","[0.04845, 0.048966666666666665, 0.04998333333333333, 0.05081666666666667, 0.05201666666666667, 0.053, 0.053816666666666665, 0.054733333333333335, 0.05538333333333333, 0.05605, 0.0572]"
"(128, 64)",LeakyReLu(0.03),10,0.001,0.2,0.001,0,512,0.0947,"[20.939303721719025, 20.935883208743473, 20.91620150451427, 20.93069371880611, 20.923970160064307, 20.92499607943161, 20.913826105694213, 20.920949978101262, 20.925024879797206, 20.919317659216368, 20.92783898654488]","[0.09468333333333333, 0.09483333333333334, 0.09511666666666667, 0.09513333333333333, 0.09528333333333333, 0.09516666666666666, 0.09515, 0.0952, 0.09516666666666666, 0.0952, 0.09533333333333334]"
"(128, 64)",LeakyReLu(0.03),10,0.001,0.2,0.001,0.85,512,0.1255,"[20.544302439108822, 20.480459971052156, 20.428054425388208, 20.35354410242568, 20.298979399470475, 20.247845033912515, 20.23520417618411, 20.184197254023555, 20.15453332902585, 20.132364993057397, 20.116548846123855]","[0.11158333333333334, 0.11445, 0.1166, 0.11971666666666667, 0.12181666666666667, 0.12376666666666666, 0.12511666666666665, 0.12735, 0.12843333333333334, 0.12955, 0.13053333333333333]"
"(128, 64)",LeakyReLu(0.03),10,0.001,0.2,0,0,512,0.0886,"[21.016068964273302, 21.015433761376432, 21.009462854145948, 21.002602662859864, 20.997775120843713, 20.98913636144642, 20.98989860492265, 20.98634146870022, 20.98303841363655, 20.96817466585, 20.973891491921755]","[0.08716666666666667, 0.08726666666666667, 0.0876, 0.0879, 0.08818333333333334, 0.0882, 0.0886, 0.08868333333333334, 0.08868333333333334, 0.08911666666666666, 0.0893]"
"(128, 64)",LeakyReLu(0.03),10,0.001,0.2,0,0.85,512,0.068,"[21.860380654780496, 21.82709602298499, 21.768276234735698, 21.712632460970717, 21.651652982872097, 21.615319377171648, 21.559167441089173, 21.498823165887405, 21.450420705146634, 21.38893306473052, 21.34967752570452]","[0.05031666666666667, 0.05213333333333333, 0.05463333333333333, 0.05706666666666667, 0.05951666666666667, 0.06125, 0.06363333333333333, 0.0662, 0.06853333333333333, 0.07071666666666666, 0.07308333333333333]"
"(128, 64)",LeakyReLu(0.03),10,0.01,0.1,0.001,0,512,0.1343,"[20.07133096532603, 20.040764376511685, 20.016041727703723, 20.002244637231808, 19.983620078705563, 19.962454777686663, 19.945227807960297, 19.909452983774592, 19.886509330028016, 19.865090233741306, 19.846339060093104]","[0.13066666666666665, 0.13171666666666668, 0.13258333333333333, 0.13333333333333333, 0.13415, 0.13493333333333332, 0.13583333333333333, 0.13696666666666665, 0.13811666666666667, 0.13898333333333332, 0.14016666666666666]"
"(128, 64)",LeakyReLu(0.03),10,0.01,0.1,0.001,0.85,512,0.1651,"[21.18425216290807, 21.036950655446397, 20.8627357268607, 20.678741826660133, 20.517999463950357, 20.332233203545876, 20.154727673731013, 19.96579158489336, 19.75945402062053, 19.521994602590567, 19.301815785890966]","[0.08171666666666667, 0.08853333333333334, 0.09595, 0.10386666666666666, 0.1112, 0.11883333333333333, 0.12668333333333334, 0.1346, 0.14421666666666666, 0.15396666666666667, 0.1639]"
"(128, 64)",LeakyReLu(0.03),10,0.01,0.1,0,0,512,0.1625,"[19.80854825734117, 19.778439640029983, 19.74274123722642, 19.72470147495557, 19.700436724295482, 19.661816388166365, 19.629421040426468, 19.613668008584327, 19.56793340001036, 19.521182466801402, 19.49742587845882]","[0.13968333333333333, 0.141, 0.1422, 0.14335, 0.1447, 0.1461, 0.14751666666666666, 0.14878333333333332, 0.15035, 0.15203333333333333, 0.15343333333333334]"
"(128, 64)",LeakyReLu(0.03),10,0.01,0.1,0,0.85,512,0.17,"[21.300385780908133, 21.236738450642694, 21.15136718130462, 21.034743929440996, 20.861206498018664, 20.666199208682443, 20.427871081780324, 20.14279202166926, 19.831542602207534, 19.512035545086608, 19.171185670631182]","[0.07495, 0.07773333333333333, 0.08146666666666667, 0.08656666666666667, 0.09386666666666667, 0.10225, 0.11281666666666666, 0.12528333333333333, 0.13853333333333334, 0.15286666666666668, 0.16726666666666667]"
"(128, 64)",LeakyReLu(0.03),10,0.01,0.2,0.001,0,512,0.1452,"[20.01638518430118, 19.970873230985738, 19.959789587594248, 19.94718173961384, 19.901924754246256, 19.874199631910408, 19.851048237016734, 19.80248897387391, 19.777051343895483, 19.739799175384544, 19.720586997780348]","[0.13496666666666668, 0.13638333333333333, 0.13701666666666668, 0.13771666666666665, 0.13948333333333332, 0.1407, 0.14193333333333333, 0.14348333333333332, 0.14481666666666668, 0.14623333333333333, 0.14736666666666667]"
"(128, 64)",LeakyReLu(0.03),10,0.01,0.2,0.001,0.85,512,0.2581,"[21.24089373285412, 20.919199150928957, 20.6234631760616, 20.3288803785025, 19.948808006593847, 19.468381725187008, 18.991139140356424, 18.51580951082548, 18.076439347817168, 17.63656781111771, 17.249043594726977]","[0.08121666666666667, 0.09538333333333333, 0.1082, 0.12096666666666667, 0.13783333333333334, 0.15815, 0.17926666666666666, 0.19965, 0.2194, 0.23801666666666665, 0.2552833333333333]"
"(128, 64)",LeakyReLu(0.03),10,0.01,0.2,0,0,512,0.1759,"[19.869146613701684, 19.80892937907929, 19.758621309647943, 19.70030968371611, 19.6315807302758, 19.562978817414837, 19.50263454221308, 19.444068835122522, 19.357173078831977, 19.280948731208706, 19.189987676378255]","[0.13703333333333334, 0.13966666666666666, 0.14165, 0.14441666666666667, 0.14756666666666668, 0.15035, 0.15313333333333334, 0.15598333333333333, 0.15935, 0.16268333333333335, 0.16673333333333334]"
"(128, 64)",LeakyReLu(0.03),10,0.01,0.2,0,0.85,512,0.2876,"[21.267482270850753, 21.125577943692083, 20.693767014406202, 20.16146698683696, 19.61735218538612, 19.08911745635677, 18.591372466376768, 18.07978005324518, 17.54532033582662, 17.06688551391116, 16.57739816159033]","[0.07631666666666667, 0.08266666666666667, 0.10133333333333333, 0.12425, 0.1479, 0.17078333333333334, 0.19276666666666667, 0.21485, 0.23771666666666666, 0.25921666666666665, 0.2801166666666667]"
"(128, 32, 32)",ReLu,10,0.001,0.1,0.001,0,512,0.0556,"[21.771931212802432, 21.772825562144067, 21.77918265691788, 21.77512242483454, 21.777668303386395, 21.776911127568788, 21.767388152376462, 21.768282505269124, 21.767144209501925, 21.767657441870412, 21.772998216925686]","[0.056, 0.05603333333333333, 0.05611666666666667, 0.05615, 0.056183333333333335, 0.056216666666666665, 0.0562, 0.05623333333333334, 0.05628333333333333, 0.05633333333333333, 0.05631666666666667]"
"(128, 32, 32)",ReLu,10,0.001,0.1,0.001,0.85,512,0.1354,"[19.92112697986389, 19.91760202266948, 19.921955229938284, 19.921480922762804, 19.909700031291685, 19.906430884510165, 19.899731669042808, 19.90713398739097, 19.899291459466678, 19.900849962500143, 19.889577393191438]","[0.13665, 0.13673333333333335, 0.13683333333333333, 0.137, 0.13708333333333333, 0.1373, 0.13745, 0.13763333333333333, 0.13783333333333334, 0.13798333333333335, 0.13811666666666667]"
"(128, 32, 32)",ReLu,10,0.001,0.1,0,0,512,0.1087,"[20.51032041779283, 20.511209701848433, 20.5018086989749, 20.508414809102256, 20.508414809102256, 20.505111754038587, 20.50968521489598, 20.50892297141974, 20.50650920041168, 20.502825023609883, 20.50612807867356]","[0.10928333333333333, 0.10931666666666667, 0.10936666666666667, 0.10936666666666667, 0.10936666666666667, 0.10936666666666667, 0.10938333333333333, 0.10941666666666666, 0.10945, 0.10946666666666667, 0.10946666666666667]"
"(128, 32, 32)",ReLu,10,0.001,0.1,0,0.85,512,0.0973,"[20.798829573546946, 20.795145396745177, 20.795145396745166, 20.798448451808834, 20.79730508659449, 20.804800480777455, 20.80645200830929, 20.80378415614247, 20.789047448935293, 20.792731625737094, 20.79984589818194]","[0.09666666666666666, 0.09668333333333333, 0.09668333333333333, 0.09668333333333333, 0.09673333333333334, 0.09676666666666667, 0.09676666666666667, 0.09666666666666666, 0.09673333333333334, 0.09671666666666667, 0.09676666666666667]"
"(128, 32, 32)",ReLu,10,0.001,0.2,0.001,0,512,0.0593,"[21.705586831635138, 21.705850314050743, 21.710306140208303, 21.703328321184802, 21.69952652180694, 21.69966298701208, 21.69459079468915, 21.679990564374233, 21.677205114182946, 21.66578091011732, 21.660200579341414]","[0.06071666666666667, 0.06085, 0.061016666666666663, 0.06125, 0.06141666666666667, 0.061483333333333334, 0.06163333333333333, 0.061983333333333335, 0.06225, 0.06253333333333333, 0.06285]"
"(128, 32, 32)",ReLu,10,0.001,0.2,0.001,0.85,512,0.1349,"[20.053524032768678, 19.993493467558697, 19.957349871676687, 19.932894322459866, 19.907422719412082, 19.89795845774936, 19.885191361303125, 19.888558630943056, 19.88671740217678, 19.88322482052261, 19.871093641401373]","[0.13296666666666668, 0.13523333333333334, 0.13703333333333334, 0.13846666666666665, 0.13915, 0.13978333333333334, 0.13998333333333332, 0.14041666666666666, 0.14028333333333334, 0.14058333333333334, 0.14068333333333333]"
"(128, 32, 32)",ReLu,10,0.001,0.2,0,0,512,0.126,"[20.117256865215463, 20.117765027532947, 20.108872186976903, 20.11878135216793, 20.11738390579482, 20.12043287969977, 20.121830326072853, 20.120051757961658, 20.121576244914102, 20.119289514485406, 20.12221144781097]","[0.1264, 0.12645, 0.12655, 0.12633333333333333, 0.12646666666666667, 0.12633333333333333, 0.12641666666666668, 0.12635, 0.12628333333333333, 0.12616666666666668, 0.12618333333333334]"
"(128, 32, 32)",ReLu,10,0.001,0.2,0,0.85,512,0.0988,"[20.843674898065323, 20.850916211089526, 20.86730444582853, 20.868447811042884, 20.87035341973346, 20.878992179130773, 20.86400139076486, 20.863493228447368, 20.83986368068416, 20.83617950388237, 20.818647903928998]","[0.09485, 0.09431666666666666, 0.0936, 0.09355, 0.09346666666666667, 0.09345, 0.09403333333333333, 0.09398333333333334, 0.09436666666666667, 0.09503333333333333, 0.0958]"
"(128, 32, 32)",ReLu,10,0.01,0.1,0.001,0,512,0.0953,"[20.771720513658938, 20.777360843581196, 20.771059419946727, 20.76297948822376, 20.76912816156986, 20.756474889300907, 20.76338592592785, 20.7490812472901, 20.74697252440943, 20.742196010058137, 20.734497623421536]","[0.0993, 0.09941666666666667, 0.09955, 0.09983333333333333, 0.1, 0.10026666666666667, 0.1004, 0.10066666666666667, 0.10083333333333333, 0.10111666666666666, 0.10138333333333334]"
"(128, 32, 32)",ReLu,10,0.01,0.1,0.001,0.85,512,0.14,"[20.47603175005718, 20.422615704773847, 20.34901907786804, 20.292067495196992, 20.23194263579569, 20.160259853055628, 20.06977786185278, 19.974598171582425, 19.885900403603358, 19.79733252820527, 19.723123133640414]","[0.11266666666666666, 0.1148, 0.1176, 0.12068333333333334, 0.1234, 0.12633333333333333, 0.13023333333333334, 0.13448333333333334, 0.13845, 0.14205, 0.1456]"
"(128, 32, 32)",ReLu,10,0.01,0.1,0,0,512,0.0933,"[20.961060393405173, 20.954708364436563, 20.940860941284992, 20.936922683324465, 20.922694138434778, 20.8929666428617, 20.895126332711026, 20.876578408122715, 20.877213611019567, 20.863493228447368, 20.85764936179626]","[0.0895, 0.09006666666666667, 0.0906, 0.09091666666666667, 0.09146666666666667, 0.09211666666666667, 0.0926, 0.09305, 0.09338333333333333, 0.09376666666666666, 0.09416666666666666]"
"(128, 32, 32)",ReLu,10,0.01,0.1,0,0.85,512,0.1351,"[20.107220659445055, 20.073681946490815, 20.04166772048904, 20.022738674162593, 19.9998713698756, 19.9693816308263, 19.92402814399044, 19.899763393330367, 19.862286422415597, 19.829636993516942, 19.795463077665836]","[0.12676666666666667, 0.12823333333333334, 0.12941666666666668, 0.13031666666666666, 0.13153333333333334, 0.13286666666666666, 0.13441666666666666, 0.13576666666666667, 0.13733333333333334, 0.13883333333333334, 0.1404]"
"(128, 32, 32)",ReLu,10,0.01,0.2,0.001,0,512,0.1189,"[20.601690801977238, 20.578030549353272, 20.56186602505118, 20.54608291846628, 20.531189378153307, 20.485933393447684, 20.459860782092935, 20.402409387574668, 20.368206639138474, 20.325873506879987, 20.29611759745215]","[0.10883333333333334, 0.1098, 0.11058333333333334, 0.11156666666666666, 0.11236666666666667, 0.11391666666666667, 0.11535, 0.11743333333333333, 0.11936666666666666, 0.12093333333333334, 0.12238333333333333]"
"(128, 32, 32)",ReLu,10,0.01,0.2,0.001,0.85,512,0.2409,"[20.355482528927848, 20.063134838069423, 19.927092351386438, 19.718518959502155, 19.480988178699988, 19.147802986413343, 18.80649388587939, 18.471543175377207, 18.16721551105514, 17.86734035966427, 17.633659477354847]","[0.11953333333333334, 0.13241666666666665, 0.13825, 0.14718333333333333, 0.15781666666666666, 0.1722, 0.18686666666666665, 0.20183333333333334, 0.2151, 0.22766666666666666, 0.23835]"
"(128, 32, 32)",ReLu,10,0.01,0.2,0,0,512,0.1135,"[21.156702885638254, 21.08873617567416, 21.026486291781826, 20.928156883347782, 20.869337095098498, 20.799718857602556, 20.757541385251, 20.698721597001708, 20.643585985554207, 20.579303452391912, 20.532298438024206]","[0.0808, 0.08413333333333334, 0.08678333333333334, 0.09086666666666667, 0.0938, 0.09648333333333334, 0.09861666666666667, 0.10111666666666666, 0.1036, 0.10626666666666666, 0.10825]"
"(128, 32, 32)",ReLu,10,0.01,0.2,0,0.85,512,0.166,"[19.911197045473855, 19.969000509088175, 20.008510129272914, 19.996187193073805, 19.95057962507922, 19.87753129194025, 19.765989663251506, 19.670328106984282, 19.57072829275655, 19.462743800290234, 19.340657803513608]","[0.13548333333333334, 0.13266666666666665, 0.13108333333333333, 0.13155, 0.13361666666666666, 0.13688333333333333, 0.14118333333333333, 0.1458, 0.1503, 0.15473333333333333, 0.16021666666666667]"
"(128, 32, 32)",LeakyReLu(0.03),10,0.001,0.1,0.001,0,512,0.0546,"[21.668551674610715, 21.674781733418925, 21.68507709127779, 21.68139798600796, 21.67733775969284, 21.673785696286753, 21.67137699862715, 21.669984626309105, 21.673292756038766, 21.676219764618935, 21.66885648692579]","[0.06038333333333333, 0.0604, 0.06038333333333333, 0.0604, 0.06043333333333333, 0.06051666666666667, 0.06055, 0.06068333333333333, 0.06068333333333333, 0.0607, 0.060733333333333334]"
"(128, 32, 32)",LeakyReLu(0.03),10,0.001,0.1,0.001,0.85,512,0.1331,"[19.981453252038314, 19.980977347964036, 19.978851569533653, 19.97469316813458, 19.971932240847366, 19.971331030025222, 19.96450485802263, 19.969620526241716, 19.955934216314052, 19.9560953572188, 19.9440606284071]","[0.13365, 0.13381666666666667, 0.13398333333333334, 0.13416666666666666, 0.13443333333333332, 0.13453333333333334, 0.13483333333333333, 0.1349, 0.13506666666666667, 0.13535, 0.13551666666666667]"
"(128, 32, 32)",LeakyReLu(0.03),10,0.001,0.1,0,0,512,0.097,"[20.802894872086863, 20.80251375034876, 20.797178046015112, 20.7959076402214, 20.80009997934067, 20.797178046015116, 20.798448451808838, 20.796796924277004, 20.79844845180884, 20.80670608946803, 20.799210695285073]","[0.09663333333333333, 0.09665, 0.09666666666666666, 0.09665, 0.09668333333333333, 0.09666666666666666, 0.09668333333333333, 0.09668333333333333, 0.09668333333333333, 0.09668333333333333, 0.09665]"
"(128, 32, 32)",LeakyReLu(0.03),10,0.001,0.1,0,0.85,512,0.1098,"[20.556563188684308, 20.546654023493275, 20.538777507572203, 20.54258872495337, 20.528868342381166, 20.536871898881603, 20.530646910492386, 20.535347411929152, 20.52899538296054, 20.534077006135426, 20.517307649658306]","[0.10755, 0.10776666666666666, 0.10796666666666667, 0.10801666666666666, 0.10818333333333334, 0.10826666666666666, 0.10825, 0.10833333333333334, 0.10846666666666667, 0.10853333333333333, 0.10861666666666667]"
"(128, 32, 32)",LeakyReLu(0.03),10,0.001,0.2,0.001,0,512,0.0651,"[21.60185766512249, 21.601358916631874, 21.603273942532528, 21.59604205124597, 21.583093339383776, 21.575226254424695, 21.567740295559876, 21.564192599795522, 21.55988266509763, 21.556589058705214, 21.54884903671712]","[0.06526666666666667, 0.06543333333333333, 0.06578333333333333, 0.0661, 0.06645, 0.06665, 0.06705, 0.06735, 0.06746666666666666, 0.06768333333333333, 0.06795]"
"(128, 32, 32)",LeakyReLu(0.03),10,0.001,0.2,0.001,0.85,512,0.1379,"[20.08092879185835, 20.05901206935388, 20.053867925605573, 20.040593299222554, 20.01855298871754, 20.01239286399864, 19.999245610781422, 20.005916781707896, 19.97892230182157, 19.980257968778957, 19.967111093363318]","[0.13133333333333333, 0.13236666666666666, 0.13266666666666665, 0.13325, 0.13421666666666668, 0.13441666666666666, 0.13506666666666667, 0.13528333333333334, 0.13581666666666667, 0.13626666666666667, 0.13648333333333335]"
"(128, 32, 32)",LeakyReLu(0.03),10,0.001,0.2,0,0,512,0.0905,"[20.987738915073326, 20.97516189771548, 20.98164096726346, 20.98037056146974, 20.986087387541478, 20.98468994116839, 20.991677173033843, 20.985071062906496, 20.999426648375554, 20.99548839041502, 21.001205216486763]","[0.08898333333333333, 0.08888333333333333, 0.08881666666666667, 0.0888, 0.08876666666666666, 0.08846666666666667, 0.08845, 0.08823333333333333, 0.08818333333333334, 0.08828333333333334, 0.08803333333333334]"
"(128, 32, 32)",LeakyReLu(0.03),10,0.001,0.2,0,0.85,512,0.0992,"[20.751189356282403, 20.735055202702146, 20.72895725489228, 20.73835825776582, 20.74191539398823, 20.74318579978195, 20.750427112806175, 20.743185799781955, 20.746742936004388, 20.744710286734428, 20.733784796908427]","[0.09918333333333333, 0.0996, 0.09965, 0.09938333333333334, 0.09908333333333333, 0.0991, 0.09856666666666666, 0.0991, 0.09923333333333334, 0.09903333333333333, 0.09936666666666667]"
"(128, 32, 32)",LeakyReLu(0.03),10,0.01,0.1,0.001,0,512,0.1088,"[20.663857934704023, 20.649171301628993, 20.646426554455566, 20.6419033047072, 20.621118931488073, 20.622185605837537, 20.605339627296893, 20.591923810475837, 20.585368254831312, 20.570174008263734, 20.552439017670185]","[0.10438333333333333, 0.10488333333333333, 0.10515, 0.10556666666666667, 0.10611666666666666, 0.10665, 0.1071, 0.10761666666666667, 0.10826666666666666, 0.10871666666666667, 0.10935]"
"(128, 32, 32)",LeakyReLu(0.03),10,0.01,0.1,0.001,0.85,512,0.1602,"[19.776158870689144, 19.7424327613838, 19.732228081871153, 19.718087989829524, 19.686292104087517, 19.678001616202703, 19.63414264146215, 19.605531430611993, 19.56244052287333, 19.533835179149914, 19.4817302753463]","[0.14306666666666668, 0.14405, 0.1448, 0.14586666666666667, 0.14676666666666666, 0.14765, 0.14915, 0.15041666666666667, 0.1521, 0.1538, 0.15616666666666668]"
"(128, 32, 32)",LeakyReLu(0.03),10,0.01,0.1,0,0,512,0.1147,"[20.459504186043993, 20.458868983147116, 20.453533278813495, 20.446800128106773, 20.42926852815341, 20.431682299161487, 20.419613444121133, 20.43092005568524, 20.417961916589302, 20.410720603565085, 20.412626212255656]","[0.11143333333333333, 0.11153333333333333, 0.11176666666666667, 0.11213333333333333, 0.11225, 0.11243333333333333, 0.1126, 0.1129, 0.11303333333333333, 0.11313333333333334, 0.11326666666666667]"
"(128, 32, 32)",LeakyReLu(0.03),10,0.01,0.1,0,0.85,512,0.1202,"[20.739247541821424, 20.724637875193626, 20.70316801727974, 20.64358598555421, 20.592896794384732, 20.55592798578744, 20.49926788738746, 20.453406238234127, 20.40106551953281, 20.356093154435065, 20.31162895165483]","[0.09898333333333334, 0.09998333333333333, 0.10128333333333334, 0.10338333333333333, 0.10581666666666667, 0.10743333333333334, 0.10976666666666667, 0.1117, 0.11391666666666667, 0.1161, 0.11811666666666666]"
"(128, 32, 32)",LeakyReLu(0.03),10,0.01,0.2,0.001,0,512,0.1459,"[20.637251910065526, 20.409426853743643, 20.146668175250632, 19.92316683377811, 19.80409416512198, 19.739141751250074, 19.735677736803247, 19.761941828005767, 19.778297298063773, 19.804562401353884, 19.85001104938975]","[0.10743333333333334, 0.11718333333333333, 0.12896666666666667, 0.1386, 0.14366666666666666, 0.14658333333333334, 0.14666666666666667, 0.14588333333333334, 0.14488333333333334, 0.14345, 0.14168333333333333]"
"(128, 32, 32)",LeakyReLu(0.03),10,0.01,0.2,0.001,0.85,512,0.1909,"[20.110154514946334, 20.51916974780968, 20.354147618862136, 20.130702856755207, 19.957196731998888, 19.77900013087791, 19.59141129229147, 19.43863962123475, 19.250303806337023, 19.066421154647657, 18.877463226950347]","[0.1305, 0.11278333333333333, 0.11945, 0.12946666666666667, 0.13686666666666666, 0.14505, 0.15263333333333334, 0.15985, 0.1679, 0.17611666666666667, 0.1847]"
"(128, 32, 32)",LeakyReLu(0.03),10,0.01,0.2,0,0,512,0.11,"[20.49113729030765, 20.477925070052944, 20.458487861409004, 20.453660319392856, 20.441083302035032, 20.456074090400943, 20.454422562869098, 20.464585809218867, 20.45696337445654, 20.454549603448474, 20.483514855545327]","[0.11005, 0.1107, 0.11133333333333334, 0.11183333333333334, 0.11195, 0.11158333333333334, 0.11136666666666667, 0.1115, 0.1114, 0.11121666666666667, 0.11038333333333333]"
"(128, 32, 32)",LeakyReLu(0.03),10,0.01,0.2,0,0.85,512,0.216,"[20.677378779667187, 20.35304418053014, 20.107855862341907, 19.81007274429365, 19.56323289857359, 19.29593951957462, 19.025978288408833, 18.765799181854707, 18.516799646285317, 18.279996006335665, 18.045225015655966]","[0.10161666666666666, 0.11601666666666667, 0.1271, 0.1394, 0.15026666666666666, 0.16231666666666666, 0.17361666666666667, 0.18485, 0.19545, 0.20638333333333334, 0.21665]"
