hidden_layer  ,activation    ,epoch,eta ,beta,alpha,mu  ,batch_size,test_score         ,history
"(5, 5, 5, 5)",Tanh          ,3    ,0.01,0.1 ,0.001,0.95,32        ,0.34210526315789475,"[1.1059055743394426, 1.105897824269209, 1.1058837975202929]"
"(5, 5, 5, 5)",Tanh          ,3    ,0.01,0.1 ,0.001,0.95,64        ,0.42105263157894735,"[1.101410769886913, 1.1014099490439586, 1.1014083985897145]"
"(5, 5, 5, 5)",Tanh          ,3    ,0.01,0.1 ,0.001,0.9 ,32        ,0.42105263157894735,"[1.108231297368395, 1.1082201733869201, 1.1082016024958365]"
"(5, 5, 5, 5)",Tanh          ,3    ,0.01,0.1 ,0.001,0.9 ,64        ,0.42105263157894735,"[1.1059323287514693, 1.1059303677628733, 1.1059268410942074]"
"(5, 5, 5, 5)",Tanh          ,3    ,0.01,0.1 ,0.1  ,0.95,32        ,0.42105263157894735,"[1.0163526912419687, 1.0163599539508392, 1.0163720847169275]"
"(5, 5, 5, 5)",Tanh          ,3    ,0.01,0.1 ,0.1  ,0.95,64        ,0.42105263157894735,"[1.2051892607948598, 1.20518379747476, 1.2051745993279002]"
"(5, 5, 5, 5)",Tanh          ,3    ,0.01,0.1 ,0.1  ,0.9 ,32        ,0.23684210526315788,"[1.113269195501918, 1.1132675417849884, 1.1132640204689155]"
"(5, 5, 5, 5)",Tanh          ,3    ,0.01,0.1 ,0.1  ,0.9 ,64        ,0.23684210526315788,"[1.186460296453264, 1.186455804239471, 1.1864491151717644]"
"(5, 5, 5, 5)",Tanh          ,3    ,0.01,0.2 ,0.001,0.95,32        ,0.42105263157894735,"[1.12198951724531, 1.1219458750078628, 1.1218665201872662]"
"(5, 5, 5, 5)",Tanh          ,3    ,0.01,0.2 ,0.001,0.95,64        ,0.34210526315789475,"[1.1114672382774935, 1.111464284653969, 1.1114586829020805]"
"(5, 5, 5, 5)",Tanh          ,3    ,0.01,0.2 ,0.001,0.9 ,32        ,0.23684210526315788,"[1.084015107595, 1.0840042385883641, 1.083986411715669]"
"(5, 5, 5, 5)",Tanh          ,3    ,0.01,0.2 ,0.001,0.9 ,64        ,0.42105263157894735,"[1.1081320441977414, 1.1081261699092861, 1.1081155214012948]"
"(5, 5, 5, 5)",Tanh          ,3    ,0.01,0.2 ,0.1  ,0.95,32        ,0.34210526315789475,"[1.5787763455613746, 1.5786427718261709, 1.5784151820528245]"
"(5, 5, 5, 5)",Tanh          ,3    ,0.01,0.2 ,0.1  ,0.95,64        ,0.42105263157894735,"[1.3581066351092408, 1.3580980908920277, 1.3580829022587286]"
"(5, 5, 5, 5)",Tanh          ,3    ,0.01,0.2 ,0.1  ,0.9 ,32        ,0.42105263157894735,"[1.0143002761294708, 1.014277554940814, 1.0142382638735226]"
"(5, 5, 5, 5)",Tanh          ,3    ,0.01,0.2 ,0.1  ,0.9 ,64        ,0.42105263157894735,"[1.24720123253387, 1.2471730465226707, 1.247124463869468]"
"(5, 5, 5, 5)",Tanh          ,3    ,0.3 ,0.1 ,0.001,0.95,32        ,0.42105263157894735,"[1.0982837034613024, 1.0981926116943068, 1.0980380866831867]"
"(5, 5, 5, 5)",Tanh          ,3    ,0.3 ,0.1 ,0.001,0.95,64        ,0.42105263157894735,"[1.102787399070027, 1.1027534524554774, 1.102689748139102]"
"(5, 5, 5, 5)",Tanh          ,3    ,0.3 ,0.1 ,0.001,0.9 ,32        ,0.23684210526315788,"[1.0980740623450758, 1.0980141983072431, 1.0979269836236976]"
"(5, 5, 5, 5)",Tanh          ,3    ,0.3 ,0.1 ,0.001,0.9 ,64        ,0.23684210526315788,"[1.1002112602210694, 1.100192745909204, 1.1001606019916252]"
"(5, 5, 5, 5)",Tanh          ,3    ,0.3 ,0.1 ,0.1  ,0.95,32        ,0.42105263157894735,"[1.0612581971434751, 1.0612603810664694, 1.0611940966450544]"
"(5, 5, 5, 5)",Tanh          ,3    ,0.3 ,0.1 ,0.1  ,0.95,64        ,0.34210526315789475,"[1.2753541772776185, 1.2750693805354585, 1.27460695650749]"
"(5, 5, 5, 5)",Tanh          ,3    ,0.3 ,0.1 ,0.1  ,0.9 ,32        ,0.23684210526315788,"[1.258926264679818, 1.2581566090631726, 1.2569912786624262]"
"(5, 5, 5, 5)",Tanh          ,3    ,0.3 ,0.1 ,0.1  ,0.9 ,64        ,0.42105263157894735,"[0.9466623961172456, 0.9468630461482908, 0.9471478709902964]"
"(5, 5, 5, 5)",Tanh          ,3    ,0.3 ,0.2 ,0.001,0.95,32        ,0.34210526315789475,"[1.1237821318467858, 1.122474448392658, 1.1201561267239464]"
"(5, 5, 5, 5)",Tanh          ,3    ,0.3 ,0.2 ,0.001,0.95,64        ,0.42105263157894735,"[1.1023826257072435, 1.1023101925428571, 1.1021733743596518]"
"(5, 5, 5, 5)",Tanh          ,3    ,0.3 ,0.2 ,0.001,0.9 ,32        ,0.42105263157894735,"[1.1141565867743268, 1.1132863945693492, 1.1118638144981476]"
"(5, 5, 5, 5)",Tanh          ,3    ,0.3 ,0.2 ,0.001,0.9 ,64        ,0.42105263157894735,"[1.1406141666220473, 1.1402167073323985, 1.1395019839345766]"
"(5, 5, 5, 5)",Tanh          ,3    ,0.3 ,0.2 ,0.1  ,0.95,32        ,0.42105263157894735,"[0.9394270041534316, 0.9396314801952199, 0.9399640975978539]"
"(5, 5, 5, 5)",Tanh          ,3    ,0.3 ,0.2 ,0.1  ,0.95,64        ,0.42105263157894735,"[1.3189999235605907, 1.3186626616335761, 1.318070344650906]"
"(5, 5, 5, 5)",Tanh          ,3    ,0.3 ,0.2 ,0.1  ,0.9 ,32        ,0.23684210526315788,"[1.1361108883601587, 1.1355890042973202, 1.1347141901932063]"
"(5, 5, 5, 5)",Tanh          ,3    ,0.3 ,0.2 ,0.1  ,0.9 ,64        ,0.23684210526315788,"[1.2770858657210284, 1.2767502069801746, 1.2762232391031179]"
"(5, 5, 5, 5)",LeakyReLu(0.1),3    ,0.01,0.1 ,0.001,0.95,32        ,0.42105263157894735,"[1.1059053149415807, 1.105894762305354, 1.105875662578384]"
"(5, 5, 5, 5)",LeakyReLu(0.1),3    ,0.01,0.1 ,0.001,0.95,64        ,0.42105263157894735,"[1.1014158767795175, 1.1014152613235457, 1.101414109155303]"
"(5, 5, 5, 5)",LeakyReLu(0.1),3    ,0.01,0.1 ,0.001,0.9 ,32        ,0.42105263157894735,"[1.1000464517882782, 1.1000440162175442, 1.1000401741848354]"
"(5, 5, 5, 5)",LeakyReLu(0.1),3    ,0.01,0.1 ,0.001,0.9 ,64        ,0.42105263157894735,"[1.1005627368960704, 1.100561540269302, 1.1005594010785071]"
"(5, 5, 5, 5)",LeakyReLu(0.1),3    ,0.01,0.1 ,0.1  ,0.95,32        ,0.34210526315789475,"[1.333512922617639, 1.333461353478408, 1.333375393215941]"
"(5, 5, 5, 5)",LeakyReLu(0.1),3    ,0.01,0.1 ,0.1  ,0.95,64        ,0.42105263157894735,"[1.229134175675242, 1.2291285882483645, 1.2291192105619042]"
"(5, 5, 5, 5)",LeakyReLu(0.1),3    ,0.01,0.1 ,0.1  ,0.9 ,32        ,0.42105263157894735,"[1.0588775955128207, 1.058875685067805, 1.0588702363970268]"
"(5, 5, 5, 5)",LeakyReLu(0.1),3    ,0.01,0.1 ,0.1  ,0.9 ,64        ,0.42105263157894735,"[1.1575720551998618, 1.1575672583162562, 1.1575594676133256]"
"(5, 5, 5, 5)",LeakyReLu(0.1),3    ,0.01,0.2 ,0.001,0.95,32        ,0.42105263157894735,"[1.10370220581788, 1.1036905498299907, 1.103669455956836]"
"(5, 5, 5, 5)",LeakyReLu(0.1),3    ,0.01,0.2 ,0.001,0.95,64        ,0.23684210526315788,"[1.1097262690520213, 1.1097240607753212, 1.109719874624858]"
"(5, 5, 5, 5)",LeakyReLu(0.1),3    ,0.01,0.2 ,0.001,0.9 ,32        ,0.23684210526315788,"[1.1012476033263416, 1.1012429998877882, 1.1012357332373295]"
"(5, 5, 5, 5)",LeakyReLu(0.1),3    ,0.01,0.2 ,0.001,0.9 ,64        ,0.23684210526315788,"[1.1056322050755563, 1.1056300883710248, 1.1056262766344376]"
"(5, 5, 5, 5)",LeakyReLu(0.1),3    ,0.01,0.2 ,0.1  ,0.95,32        ,0.42105263157894735,"[1.0373883049601613, 1.0373886018237066, 1.037377331039243]"
"(5, 5, 5, 5)",LeakyReLu(0.1),3    ,0.01,0.2 ,0.1  ,0.95,64        ,0.42105263157894735,"[1.4518937033025185, 1.4518743002386567, 1.4518430529823672]"
"(5, 5, 5, 5)",LeakyReLu(0.1),3    ,0.01,0.2 ,0.1  ,0.9 ,32        ,0.4473684210526316 ,"[1.4173582452058455, 1.4173241169443098, 1.4172714397663422]"
"(5, 5, 5, 5)",LeakyReLu(0.1),3    ,0.01,0.2 ,0.1  ,0.9 ,64        ,0.42105263157894735,"[0.7926347131295564, 0.7926485470571181, 0.7926686542666118]"
"(5, 5, 5, 5)",LeakyReLu(0.1),3    ,0.3 ,0.1 ,0.001,0.95,32        ,0.23684210526315788,"[1.098745892975647, 1.0986843506934212, 1.0985817194084828]"
"(5, 5, 5, 5)",LeakyReLu(0.1),3    ,0.3 ,0.1 ,0.001,0.95,64        ,0.42105263157894735,"[1.1083882457960275, 1.1083126488886257, 1.1081702588654374]"
"(5, 5, 5, 5)",LeakyReLu(0.1),3    ,0.3 ,0.1 ,0.001,0.9 ,32        ,0.23684210526315788,"[1.0944782472066041, 1.0944671777187986, 1.0944595308987024]"
"(5, 5, 5, 5)",LeakyReLu(0.1),3    ,0.3 ,0.1 ,0.001,0.9 ,64        ,0.23684210526315788,"[1.1004316347816645, 1.1004161288463865, 1.1003895072879188]"
"(5, 5, 5, 5)",LeakyReLu(0.1),3    ,0.3 ,0.1 ,0.1  ,0.95,32        ,0.42105263157894735,"[1.0469603832466643, 1.0470516253575082, 1.0472154517811063]"
"(5, 5, 5, 5)",LeakyReLu(0.1),3    ,0.3 ,0.1 ,0.1  ,0.95,64        ,0.34210526315789475,"[1.1079838104790176, 1.1079551594004402, 1.1079093057717162]"
"(5, 5, 5, 5)",LeakyReLu(0.1),3    ,0.3 ,0.1 ,0.1  ,0.9 ,32        ,0.34210526315789475,"[1.1299789491208116, 1.129275251342956, 1.128118586517526]"
"(5, 5, 5, 5)",LeakyReLu(0.1),3    ,0.3 ,0.1 ,0.1  ,0.9 ,64        ,0.42105263157894735,"[1.0154369814152393, 1.0154725571010728, 1.0155052453549946]"
"(5, 5, 5, 5)",LeakyReLu(0.1),3    ,0.3 ,0.2 ,0.001,0.95,32        ,0.23684210526315788,"[1.0987963525996771, 1.098769548231906, 1.0987272943350477]"
"(5, 5, 5, 5)",LeakyReLu(0.1),3    ,0.3 ,0.2 ,0.001,0.95,64        ,0.34210526315789475,"[1.1429770217266562, 1.142670732597611, 1.1420904385437016]"
"(5, 5, 5, 5)",LeakyReLu(0.1),3    ,0.3 ,0.2 ,0.001,0.9 ,32        ,0.23684210526315788,"[1.0987694758359319, 1.09872595619493, 1.0986659077788223]"
"(5, 5, 5, 5)",LeakyReLu(0.1),3    ,0.3 ,0.2 ,0.001,0.9 ,64        ,0.42105263157894735,"[1.1055062645336216, 1.1054048070509905, 1.1052229041802977]"
"(5, 5, 5, 5)",LeakyReLu(0.1),3    ,0.3 ,0.2 ,0.1  ,0.95,32        ,0.23684210526315788,"[1.2393311701566838, 1.2382679555020535, 1.2364792566674905]"
"(5, 5, 5, 5)",LeakyReLu(0.1),3    ,0.3 ,0.2 ,0.1  ,0.95,64        ,0.42105263157894735,"[1.2294121527695552, 1.2288625420798827, 1.227908545779226]"
"(5, 5, 5, 5)",LeakyReLu(0.1),3    ,0.3 ,0.2 ,0.1  ,0.9 ,32        ,0.23684210526315788,"[0.7748545590040608, 0.7760111907974014, 0.7777548886355734]"
"(5, 5, 5, 5)",LeakyReLu(0.1),3    ,0.3 ,0.2 ,0.1  ,0.9 ,64        ,0.42105263157894735,"[1.365065529505213, 1.3645252344040855, 1.3636998099912994]"
"(10, 10, 5)" ,Tanh          ,3    ,0.01,0.1 ,0.001,0.95,32        ,0.42105263157894735,"[1.1052224461451068, 1.105207590910876, 1.1051805420607914]"
"(10, 10, 5)" ,Tanh          ,3    ,0.01,0.1 ,0.001,0.95,64        ,0.34210526315789475,"[1.101291206785235, 1.1012892619862216, 1.1012855746554284]"
"(10, 10, 5)" ,Tanh          ,3    ,0.01,0.1 ,0.001,0.9 ,32        ,0.42105263157894735,"[1.0987913390468875, 1.0987878385333385, 1.0987822301084016]"
"(10, 10, 5)" ,Tanh          ,3    ,0.01,0.1 ,0.001,0.9 ,64        ,0.42105263157894735,"[1.1059313805298632, 1.1059296619732129, 1.1059265726626961]"
"(10, 10, 5)" ,Tanh          ,3    ,0.01,0.1 ,0.1  ,0.95,32        ,0.2894736842105263 ,"[0.9868379822924397, 0.9868550437704571, 0.986882855319378]"
"(10, 10, 5)" ,Tanh          ,3    ,0.01,0.1 ,0.1  ,0.95,64        ,0.18421052631578946,"[0.9502833162053699, 0.9502902623844776, 0.9503011970938251]"
"(10, 10, 5)" ,Tanh          ,3    ,0.01,0.1 ,0.1  ,0.9 ,32        ,0.42105263157894735,"[1.1262905774265157, 1.1262820945234528, 1.1262684822250504]"
"(10, 10, 5)" ,Tanh          ,3    ,0.01,0.1 ,0.1  ,0.9 ,64        ,0.23684210526315788,"[1.239586647653784, 1.2395777737781624, 1.2395641995604085]"
"(10, 10, 5)" ,Tanh          ,3    ,0.01,0.2 ,0.001,0.95,32        ,0.21052631578947367,"[1.1387843441816237, 1.1386890779159249, 1.1385153043822527]"
"(10, 10, 5)" ,Tanh          ,3    ,0.01,0.2 ,0.001,0.95,64        ,0.5                ,"[1.0524343446431101, 1.0524032228404285, 1.0523438394427567]"
"(10, 10, 5)" ,Tanh          ,3    ,0.01,0.2 ,0.001,0.9 ,32        ,0.34210526315789475,"[1.1079867353626116, 1.107944209975316, 1.1078730982278069]"
"(10, 10, 5)" ,Tanh          ,3    ,0.01,0.2 ,0.001,0.9 ,64        ,0.34210526315789475,"[1.1193473535480654, 1.1193107746395778, 1.1192441636313015]"
"(10, 10, 5)" ,Tanh          ,3    ,0.01,0.2 ,0.1  ,0.95,32        ,0.23684210526315788,"[1.0788170782097706, 1.0788035170828312, 1.0787738971740464]"
"(10, 10, 5)" ,Tanh          ,3    ,0.01,0.2 ,0.1  ,0.95,64        ,0.34210526315789475,"[1.3018612162205905, 1.3018527821879784, 1.301834329031169]"
"(10, 10, 5)" ,Tanh          ,3    ,0.01,0.2 ,0.1  ,0.9 ,32        ,0.18421052631578946,"[1.4715729324899305, 1.4714045434050969, 1.471135079794951]"
"(10, 10, 5)" ,Tanh          ,3    ,0.01,0.2 ,0.1  ,0.9 ,64        ,0.42105263157894735,"[0.7916106515730512, 0.7915903789083221, 0.7915503867554204]"
"(10, 10, 5)" ,Tanh          ,3    ,0.3 ,0.1 ,0.001,0.95,32        ,0.42105263157894735,"[1.1012930984177607, 1.1011322726255237, 1.1008506492430619]"
"(10, 10, 5)" ,Tanh          ,3    ,0.3 ,0.1 ,0.001,0.95,64        ,0.23684210526315788,"[1.0990843378990396, 1.099058724544648, 1.0990108181088136]"
"(10, 10, 5)" ,Tanh          ,3    ,0.3 ,0.1 ,0.001,0.9 ,32        ,0.34210526315789475,"[1.1030318189543722, 1.1027531411910787, 1.1022987350658773]"
"(10, 10, 5)" ,Tanh          ,3    ,0.3 ,0.1 ,0.001,0.9 ,64        ,0.34210526315789475,"[1.1043170441464882, 1.1042463978106811, 1.104120336739641]"
"(10, 10, 5)" ,Tanh          ,3    ,0.3 ,0.1 ,0.1  ,0.95,32        ,0.34210526315789475,"[1.2980179932712246, 1.2969260242112997, 1.2951138252182366]"
"(10, 10, 5)" ,Tanh          ,3    ,0.3 ,0.1 ,0.1  ,0.95,64        ,0.42105263157894735,"[0.974323715097172, 0.9744917433044512, 0.9747428430086787]"
"(10, 10, 5)" ,Tanh          ,3    ,0.3 ,0.1 ,0.1  ,0.9 ,32        ,0.34210526315789475,"[1.0885351484600996, 1.0884036884112749, 1.0882366893691964]"
"(10, 10, 5)" ,Tanh          ,3    ,0.3 ,0.1 ,0.1  ,0.9 ,64        ,0.34210526315789475,"[1.088123073060915, 1.0881417330095968, 1.0881421423165238]"
"(10, 10, 5)" ,Tanh          ,3    ,0.3 ,0.2 ,0.001,0.95,32        ,0.23684210526315788,"[1.0643462425938313, 1.062414560079316, 1.0587961342391505]"
"(10, 10, 5)" ,Tanh          ,3    ,0.3 ,0.2 ,0.001,0.95,64        ,0.34210526315789475,"[1.106188198042585, 1.105781029334063, 1.105004542649026]"
"(10, 10, 5)" ,Tanh          ,3    ,0.3 ,0.2 ,0.001,0.9 ,32        ,0.18421052631578946,"[1.1347263804830132, 1.13225835040747, 1.1282512045255582]"
"(10, 10, 5)" ,Tanh          ,3    ,0.3 ,0.2 ,0.001,0.9 ,64        ,0.42105263157894735,"[1.1188144796112105, 1.1179815488394222, 1.116481360298961]"
"(10, 10, 5)" ,Tanh          ,3    ,0.3 ,0.2 ,0.1  ,0.95,32        ,0.10526315789473684,"[1.0224071369098535, 1.022110000037805, 1.0212503467723617]"
"(10, 10, 5)" ,Tanh          ,3    ,0.3 ,0.2 ,0.1  ,0.95,64        ,0.23684210526315788,"[1.053365817030466, 1.052428926995504, 1.0506327056597373]"
"(10, 10, 5)" ,Tanh          ,3    ,0.3 ,0.2 ,0.1  ,0.9 ,32        ,0.34210526315789475,"[1.3890606832786219, 1.3890644877114067, 1.3885756937014357]"
"(10, 10, 5)" ,Tanh          ,3    ,0.3 ,0.2 ,0.1  ,0.9 ,64        ,0.47368421052631576,"[1.5736125144804993, 1.5715547099003935, 1.5682621161305392]"
"(10, 10, 5)" ,LeakyReLu(0.1),3    ,0.01,0.1 ,0.001,0.95,32        ,0.23684210526315788,"[1.0992490011458718, 1.0992465165946756, 1.0992422280846343]"
"(10, 10, 5)" ,LeakyReLu(0.1),3    ,0.01,0.1 ,0.001,0.95,64        ,0.23684210526315788,"[1.1042829189412153, 1.104281492190145, 1.1042787932793021]"
"(10, 10, 5)" ,LeakyReLu(0.1),3    ,0.01,0.1 ,0.001,0.9 ,32        ,0.23684210526315788,"[1.0977219595169714, 1.0977210413195344, 1.0977198605999177]"
"(10, 10, 5)" ,LeakyReLu(0.1),3    ,0.01,0.1 ,0.001,0.9 ,64        ,0.23684210526315788,"[1.102746205253285, 1.1027453638787743, 1.1027438801155545]"
"(10, 10, 5)" ,LeakyReLu(0.1),3    ,0.01,0.1 ,0.1  ,0.95,32        ,0.42105263157894735,"[1.1510061704779309, 1.1509875949481487, 1.1509560406709392]"
"(10, 10, 5)" ,LeakyReLu(0.1),3    ,0.01,0.1 ,0.1  ,0.95,64        ,0.42105263157894735,"[1.0514342359772302, 1.0514350102790546, 1.0514355606287993]"
"(10, 10, 5)" ,LeakyReLu(0.1),3    ,0.01,0.1 ,0.1  ,0.9 ,32        ,0.42105263157894735,"[1.0784907631971719, 1.0784860196933033, 1.0784764880090143]"
"(10, 10, 5)" ,LeakyReLu(0.1),3    ,0.01,0.1 ,0.1  ,0.9 ,64        ,0.23684210526315788,"[0.8863655641678054, 0.8863747060801501, 0.8863884261710948]"
"(10, 10, 5)" ,LeakyReLu(0.1),3    ,0.01,0.2 ,0.001,0.95,32        ,0.21052631578947367,"[1.0973962254940326, 1.0973834665592697, 1.0973605480209125]"
"(10, 10, 5)" ,LeakyReLu(0.1),3    ,0.01,0.2 ,0.001,0.95,64        ,0.42105263157894735,"[1.1095965874367382, 1.109590042778859, 1.109577576734369]"
"(10, 10, 5)" ,LeakyReLu(0.1),3    ,0.01,0.2 ,0.001,0.9 ,32        ,0.18421052631578946,"[1.0941440771050237, 1.0940983596684728, 1.0940221144805298]"
"(10, 10, 5)" ,LeakyReLu(0.1),3    ,0.01,0.2 ,0.001,0.9 ,64        ,0.42105263157894735,"[1.1302319909870295, 1.1302173460333942, 1.1301907309957144]"
"(10, 10, 5)" ,LeakyReLu(0.1),3    ,0.01,0.2 ,0.1  ,0.95,32        ,0.42105263157894735,"[1.2158169213313847, 1.2157115258845903, 1.2155323442450603]"
"(10, 10, 5)" ,LeakyReLu(0.1),3    ,0.01,0.2 ,0.1  ,0.95,64        ,0.42105263157894735,"[1.9888786255455762, 1.9888190555363736, 1.9887205695483339]"
"(10, 10, 5)" ,LeakyReLu(0.1),3    ,0.01,0.2 ,0.1  ,0.9 ,32        ,0.42105263157894735,"[1.378023186290565, 1.3779177458596785, 1.377752323243695]"
"(10, 10, 5)" ,LeakyReLu(0.1),3    ,0.01,0.2 ,0.1  ,0.9 ,64        ,0.34210526315789475,"[0.8660802594945729, 0.8660882581713176, 0.8660980768242836]"
"(10, 10, 5)" ,LeakyReLu(0.1),3    ,0.3 ,0.1 ,0.001,0.95,32        ,0.42105263157894735,"[1.102963324835317, 1.1027574020895798, 1.1024000576288286]"
"(10, 10, 5)" ,LeakyReLu(0.1),3    ,0.3 ,0.1 ,0.001,0.95,64        ,0.42105263157894735,"[1.106402477733483, 1.1063093463538505, 1.1061333833633378]"
"(10, 10, 5)" ,LeakyReLu(0.1),3    ,0.3 ,0.1 ,0.001,0.9 ,32        ,0.42105263157894735,"[1.1074763922645088, 1.1071736903127125, 1.1066814943127818]"
"(10, 10, 5)" ,LeakyReLu(0.1),3    ,0.3 ,0.1 ,0.001,0.9 ,64        ,0.23684210526315788,"[1.100572924577606, 1.1005534561564432, 1.1005196057468258]"
"(10, 10, 5)" ,LeakyReLu(0.1),3    ,0.3 ,0.1 ,0.1  ,0.95,32        ,0.34210526315789475,"[1.1752596733640934, 1.1740948823866846, 1.1721176319426454]"
"(10, 10, 5)" ,LeakyReLu(0.1),3    ,0.3 ,0.1 ,0.1  ,0.95,64        ,0.42105263157894735,"[0.9629233101898567, 0.9629879775999404, 0.9630624640393355]"
"(10, 10, 5)" ,LeakyReLu(0.1),3    ,0.3 ,0.1 ,0.1  ,0.9 ,32        ,0.23684210526315788,"[1.108478330735014, 1.1083404263609768, 1.1081240662340464]"
"(10, 10, 5)" ,LeakyReLu(0.1),3    ,0.3 ,0.1 ,0.1  ,0.9 ,64        ,0.23684210526315788,"[0.8720430995613053, 0.8723077251673497, 0.8726976668581219]"
"(10, 10, 5)" ,LeakyReLu(0.1),3    ,0.3 ,0.2 ,0.001,0.95,32        ,0.42105263157894735,"[1.1297429302320041, 1.1283230682414176, 1.1258176851870947]"
"(10, 10, 5)" ,LeakyReLu(0.1),3    ,0.3 ,0.2 ,0.001,0.95,64        ,0.34210526315789475,"[1.100491157401772, 1.1004656540657747, 1.1004182149408037]"
"(10, 10, 5)" ,LeakyReLu(0.1),3    ,0.3 ,0.2 ,0.001,0.9 ,32        ,0.42105263157894735,"[1.1210495629020483, 1.1201081079923132, 1.1185764183171696]"
"(10, 10, 5)" ,LeakyReLu(0.1),3    ,0.3 ,0.2 ,0.001,0.9 ,64        ,0.39473684210526316,"[1.108589285363232, 1.1083160585494856, 1.1078257931703535]"
"(10, 10, 5)" ,LeakyReLu(0.1),3    ,0.3 ,0.2 ,0.1  ,0.95,32        ,0.34210526315789475,"[1.5393125355945978, 1.5363309571330013, 1.531397266933015]"
"(10, 10, 5)" ,LeakyReLu(0.1),3    ,0.3 ,0.2 ,0.1  ,0.95,64        ,0.2631578947368421 ,"[1.1487750693115144, 1.1483518252079081, 1.1476567683697922]"
"(10, 10, 5)" ,LeakyReLu(0.1),3    ,0.3 ,0.2 ,0.1  ,0.9 ,32        ,0.2894736842105263 ,"[1.9291065086061203, 1.9239243078391308, 1.9159101886906198]"
"(10, 10, 5)" ,LeakyReLu(0.1),3    ,0.3 ,0.2 ,0.1  ,0.9 ,64        ,0.34210526315789475,"[1.2930221184695263, 1.2927809056804023, 1.2923453088610244]"
"(15, 15)"    ,Tanh          ,3    ,0.01,0.1 ,0.001,0.95,32        ,0.23684210526315788,"[1.1117138067694903, 1.1116262167785025, 1.1114662814880796]"
"(15, 15)"    ,Tanh          ,3    ,0.01,0.1 ,0.001,0.95,64        ,0.42105263157894735,"[1.0870944666941458, 1.087074495206722, 1.0870363655760586]"
"(15, 15)"    ,Tanh          ,3    ,0.01,0.1 ,0.001,0.9 ,32        ,0.21052631578947367,"[1.1104068617530811, 1.1103363866334452, 1.1102183870012012]"
"(15, 15)"    ,Tanh          ,3    ,0.01,0.1 ,0.001,0.9 ,64        ,0.15789473684210525,"[1.1004733852761661, 1.1004512683810868, 1.1004110617393839]"
"(15, 15)"    ,Tanh          ,3    ,0.01,0.1 ,0.1  ,0.95,32        ,0.34210526315789475,"[1.4502357265063843, 1.450000369362682, 1.4495963262815152]"
"(15, 15)"    ,Tanh          ,3    ,0.01,0.1 ,0.1  ,0.95,64        ,0.42105263157894735,"[1.3404450428238408, 1.3403947041353883, 1.3403074351844821]"
"(15, 15)"    ,Tanh          ,3    ,0.01,0.1 ,0.1  ,0.9 ,32        ,0.34210526315789475,"[0.962615081110232, 0.9625232682183649, 0.962371064027449]"
"(15, 15)"    ,Tanh          ,3    ,0.01,0.1 ,0.1  ,0.9 ,64        ,0.42105263157894735,"[0.9304930922091375, 0.930487890256162, 0.9304756947280945]"
"(15, 15)"    ,Tanh          ,3    ,0.01,0.2 ,0.001,0.95,32        ,0.42105263157894735,"[1.237337743797172, 1.236709177085242, 1.2355622900242054]"
"(15, 15)"    ,Tanh          ,3    ,0.01,0.2 ,0.001,0.95,64        ,0.42105263157894735,"[1.1109802005353113, 1.1107559227004495, 1.1103279715137022]"
"(15, 15)"    ,Tanh          ,3    ,0.01,0.2 ,0.001,0.9 ,32        ,0.2894736842105263 ,"[1.0432934659846669, 1.0429561236460274, 1.0423907013747808]"
"(15, 15)"    ,Tanh          ,3    ,0.01,0.2 ,0.001,0.9 ,64        ,0.5263157894736842 ,"[0.9826969401571881, 0.98250302402651, 0.9821499892665468]"
"(15, 15)"    ,Tanh          ,3    ,0.01,0.2 ,0.1  ,0.95,32        ,0.42105263157894735,"[0.7519005675309703, 0.7514474025636105, 0.7506142948879777]"
"(15, 15)"    ,Tanh          ,3    ,0.01,0.2 ,0.1  ,0.95,64        ,0.42105263157894735,"[1.7687014449309992, 1.7684811537888465, 1.7680813544943854]"
"(15, 15)"    ,Tanh          ,3    ,0.01,0.2 ,0.1  ,0.9 ,32        ,0.07894736842105263,"[1.7450037692926827, 1.74233444458835, 1.737957772216256]"
"(15, 15)"    ,Tanh          ,3    ,0.01,0.2 ,0.1  ,0.9 ,64        ,0.3157894736842105 ,"[1.7075215407575173, 1.7073083896466827, 1.7069155212354503]"
"(15, 15)"    ,Tanh          ,3    ,0.3 ,0.1 ,0.001,0.95,32        ,0.3157894736842105 ,"[1.0909348870500541, 1.0890288327290396, 1.0855413422036386]"
"(15, 15)"    ,Tanh          ,3    ,0.3 ,0.1 ,0.001,0.95,64        ,0.3684210526315789 ,"[1.080040740585689, 1.0792994782908136, 1.0778797229991808]"
"(15, 15)"    ,Tanh          ,3    ,0.3 ,0.1 ,0.001,0.9 ,32        ,0.34210526315789475,"[1.0893576529308084, 1.0869109006242716, 1.082783773047622]"
"(15, 15)"    ,Tanh          ,3    ,0.3 ,0.1 ,0.001,0.9 ,64        ,0.23684210526315788,"[1.1079411256770766, 1.1070488246519252, 1.1054328845163526]"
"(15, 15)"    ,Tanh          ,3    ,0.3 ,0.1 ,0.1  ,0.95,32        ,0.42105263157894735,"[1.4324202864268927, 1.4247183949316593, 1.4115739811608146]"
"(15, 15)"    ,Tanh          ,3    ,0.3 ,0.1 ,0.1  ,0.95,64        ,0.10526315789473684,"[0.9369393444644235, 0.9372830282809557, 0.9376478237208625]"
"(15, 15)"    ,Tanh          ,3    ,0.3 ,0.1 ,0.1  ,0.9 ,32        ,0.34210526315789475,"[1.286254796044874, 1.2811382528539081, 1.2731753831517105]"
"(15, 15)"    ,Tanh          ,3    ,0.3 ,0.1 ,0.1  ,0.9 ,64        ,0.23684210526315788,"[1.3231469924478776, 1.3225275564596486, 1.321518669012418]"
"(15, 15)"    ,Tanh          ,3    ,0.3 ,0.2 ,0.001,0.95,32        ,0.6052631578947368 ,"[1.0854526820228798, 1.0650048125280682, 1.029055940175172]"
"(15, 15)"    ,Tanh          ,3    ,0.3 ,0.2 ,0.001,0.95,64        ,0.34210526315789475,"[1.1063559217978547, 1.1011329542091781, 1.0912403293504427]"
"(15, 15)"    ,Tanh          ,3    ,0.3 ,0.2 ,0.001,0.9 ,32        ,0.18421052631578946,"[1.245379697105666, 1.2050551251341786, 1.1412198321622786]"
"(15, 15)"    ,Tanh          ,3    ,0.3 ,0.2 ,0.001,0.9 ,64        ,0.21052631578947367,"[1.1087481224166442, 1.100897504492908, 1.0867586635485025]"
"(15, 15)"    ,Tanh          ,3    ,0.3 ,0.2 ,0.1  ,0.95,32        ,0.39473684210526316,"[0.7256261392054304, 0.7142594322784122, 0.6938712606477806]"
"(15, 15)"    ,Tanh          ,3    ,0.3 ,0.2 ,0.1  ,0.95,64        ,0.2631578947368421 ,"[1.4680028223515476, 1.4625631826563312, 1.4528352460866776]"
"(15, 15)"    ,Tanh          ,3    ,0.3 ,0.2 ,0.1  ,0.9 ,32        ,0.2894736842105263 ,"[1.1523671324920088, 1.1296767773330623, 1.0933964139492578]"
"(15, 15)"    ,Tanh          ,3    ,0.3 ,0.2 ,0.1  ,0.9 ,64        ,0.42105263157894735,"[1.4429919857614517, 1.4372398203764998, 1.4269590621783774]"
"(15, 15)"    ,LeakyReLu(0.1),3    ,0.01,0.1 ,0.001,0.95,32        ,0.5789473684210527 ,"[1.0915455737002708, 1.0915237600317909, 1.0914840484354817]"
"(15, 15)"    ,LeakyReLu(0.1),3    ,0.01,0.1 ,0.001,0.95,64        ,0.23684210526315788,"[1.116505102944791, 1.116497211132205, 1.1164822073137366]"
"(15, 15)"    ,LeakyReLu(0.1),3    ,0.01,0.1 ,0.001,0.9 ,32        ,0.23684210526315788,"[1.0914842549507282, 1.0914560635963406, 1.0914090965606102]"
"(15, 15)"    ,LeakyReLu(0.1),3    ,0.01,0.1 ,0.001,0.9 ,64        ,0.23684210526315788,"[1.1055890489074574, 1.1055785063539436, 1.1055593564159132]"
"(15, 15)"    ,LeakyReLu(0.1),3    ,0.01,0.1 ,0.1  ,0.95,32        ,0.34210526315789475,"[1.3627067527982462, 1.3626476602205897, 1.362548988465116]"
"(15, 15)"    ,LeakyReLu(0.1),3    ,0.01,0.1 ,0.1  ,0.95,64        ,0.42105263157894735,"[1.0814039819026386, 1.081397779774441, 1.081386294993647]"
"(15, 15)"    ,LeakyReLu(0.1),3    ,0.01,0.1 ,0.1  ,0.9 ,32        ,0.42105263157894735,"[1.373473547489088, 1.3734236714877965, 1.3733447540045698]"
"(15, 15)"    ,LeakyReLu(0.1),3    ,0.01,0.1 ,0.1  ,0.9 ,64        ,0.34210526315789475,"[0.7076016996097897, 0.7076147209015746, 0.7076337136782551]"
"(15, 15)"    ,LeakyReLu(0.1),3    ,0.01,0.2 ,0.001,0.95,32        ,0.42105263157894735,"[1.0910554994895263, 1.0907418804407578, 1.0901686597748637]"
"(15, 15)"    ,LeakyReLu(0.1),3    ,0.01,0.2 ,0.001,0.95,64        ,0.34210526315789475,"[1.1241816464204266, 1.1241259085893514, 1.1240197350240084]"
"(15, 15)"    ,LeakyReLu(0.1),3    ,0.01,0.2 ,0.001,0.9 ,32        ,0.42105263157894735,"[1.103933401374995, 1.1035765539566125, 1.102977511324047]"
"(15, 15)"    ,LeakyReLu(0.1),3    ,0.01,0.2 ,0.001,0.9 ,64        ,0.42105263157894735,"[1.2857204130018474, 1.2854277905787024, 1.28489605090284]"
"(15, 15)"    ,LeakyReLu(0.1),3    ,0.01,0.2 ,0.1  ,0.95,32        ,0.23684210526315788,"[0.7387268849585507, 0.7385001751070214, 0.7380712148197568]"
"(15, 15)"    ,LeakyReLu(0.1),3    ,0.01,0.2 ,0.1  ,0.95,64        ,0.23684210526315788,"[1.5716447462980474, 1.5714974280810297, 1.5712269798670255]"
"(15, 15)"    ,LeakyReLu(0.1),3    ,0.01,0.2 ,0.1  ,0.9 ,32        ,0.23684210526315788,"[1.2005577052239034, 1.2003655686940888, 1.2000437759773224]"
"(15, 15)"    ,LeakyReLu(0.1),3    ,0.01,0.2 ,0.1  ,0.9 ,64        ,0.42105263157894735,"[1.2243765626343466, 1.224322886036592, 1.224227522777651]"
"(15, 15)"    ,LeakyReLu(0.1),3    ,0.3 ,0.1 ,0.001,0.95,32        ,0.23684210526315788,"[1.1017676083275265, 1.1015321869367813, 1.1011101059039525]"
"(15, 15)"    ,LeakyReLu(0.1),3    ,0.3 ,0.1 ,0.001,0.95,64        ,0.42105263157894735,"[1.1099721996719356, 1.109745145584548, 1.1093145749306472]"
"(15, 15)"    ,LeakyReLu(0.1),3    ,0.3 ,0.1 ,0.001,0.9 ,32        ,0.42105263157894735,"[1.0969337525732028, 1.0965615143680534, 1.0959461910593649]"
"(15, 15)"    ,LeakyReLu(0.1),3    ,0.3 ,0.1 ,0.001,0.9 ,64        ,0.23684210526315788,"[1.096588479638326, 1.0964135145691656, 1.0960966096736442]"
"(15, 15)"    ,LeakyReLu(0.1),3    ,0.3 ,0.1 ,0.1  ,0.95,32        ,0.7631578947368421 ,"[0.9792422089579305, 0.9781833706288452, 0.9763075234524885]"
"(15, 15)"    ,LeakyReLu(0.1),3    ,0.3 ,0.1 ,0.1  ,0.95,64        ,0.23684210526315788,"[0.8619895769170562, 0.8619301198004738, 0.8617975297980403]"
"(15, 15)"    ,LeakyReLu(0.1),3    ,0.3 ,0.1 ,0.1  ,0.9 ,32        ,0.23684210526315788,"[0.9307182037058767, 0.9323796251881868, 0.93477877281994]"
"(15, 15)"    ,LeakyReLu(0.1),3    ,0.3 ,0.1 ,0.1  ,0.9 ,64        ,0.34210526315789475,"[1.4481367085604768, 1.4473553657141736, 1.4460882165175881]"
"(15, 15)"    ,LeakyReLu(0.1),3    ,0.3 ,0.2 ,0.001,0.95,32        ,0.23684210526315788,"[1.0918135608860204, 1.086706336782372, 1.0776601103940788]"
"(15, 15)"    ,LeakyReLu(0.1),3    ,0.3 ,0.2 ,0.001,0.95,64        ,0.42105263157894735,"[1.1287755095313259, 1.1230656917263664, 1.1123330447392559]"
"(15, 15)"    ,LeakyReLu(0.1),3    ,0.3 ,0.2 ,0.001,0.9 ,32        ,0.23684210526315788,"[1.0618135757038174, 1.0588494825512016, 1.053803107414555]"
"(15, 15)"    ,LeakyReLu(0.1),3    ,0.3 ,0.2 ,0.001,0.9 ,64        ,0.6052631578947368 ,"[1.1528050681320476, 1.1508036499113685, 1.1472071920223987]"
"(15, 15)"    ,LeakyReLu(0.1),3    ,0.3 ,0.2 ,0.1  ,0.95,32        ,0.23684210526315788,"[1.1291630639297527, 1.1080738246321677, 1.0737147209459297]"
"(15, 15)"    ,LeakyReLu(0.1),3    ,0.3 ,0.2 ,0.1  ,0.95,64        ,0.0                ,"[1.4896636582720988, 1.4876526869938984, 1.4840947432675358]"
"(15, 15)"    ,LeakyReLu(0.1),3    ,0.3 ,0.2 ,0.1  ,0.9 ,32        ,0.34210526315789475,"[1.3844035266323143, 1.378485186932762, 1.3690831097324645]"
"(15, 15)"    ,LeakyReLu(0.1),3    ,0.3 ,0.2 ,0.1  ,0.9 ,64        ,0.631578947368421  ,"[0.6967234567639816, 0.6969884172009616, 0.6969965657129126]"
