hidden_layer,activation,epoch,eta,beta,alpha,mu,batch_size,test_score,history_loss,history_score
"(32, 16, 8)",Tanh,30,0.01,0.2,0.01,0.95,256,0.3925,"[18.137530320550955, 18.09871708908078, 17.974163448859112, 18.04802656213168, 18.03989777138952, 17.927509776425776, 17.83746996071336, 17.746822372688303, 17.80264255280555, 17.716617454618536, 17.782067845121013, 17.73735470253517, 17.78206342039031, 17.68622311449985, 17.70775737970551, 17.64625671777563, 17.50425995860168, 17.323438604915342, 17.031738941176673, 16.75289171060463, 16.310269307162766, 15.965049164926628, 15.763480344187224, 15.382339868578653, 15.01742491172804, 14.711192527861511, 14.583703965565148, 14.344128081321863, 14.187481255710313, 14.106674854607432, 14.016355801549325]","[0.22187147688838782, 0.22277339346110483, 0.22435174746335965, 0.2254791431792559, 0.22750845546786921, 0.22908680947012403, 0.23201803833145435, 0.23404735062006765, 0.23652762119503945, 0.2374295377677565, 0.23855693348365276, 0.23855693348365276, 0.23923337091319052, 0.23968432919954905, 0.2428410372040586, 0.2459977452085682, 0.25186020293122885, 0.26042841037204056, 0.2726042841037204, 0.2870349492671928, 0.30417136414881624, 0.31927846674182636, 0.33167981961668547, 0.3465614430665164, 0.3616685456595265, 0.3722660653889515, 0.3842164599774521, 0.3927846674182638, 0.4004509582863585, 0.4051860202931229, 0.41037204058624577]"
"(32, 16, 8)",Tanh,30,0.01,0.2,0,0.95,256,0.246,"[17.84590140783986, 18.112123360265812, 18.086717285203903, 18.14963043316526, 18.0050807027775, 18.00592355834827, 17.98677869609783, 17.889308469734733, 17.89099418087628, 17.886840106991755, 17.882264605321836, 17.800206595110037, 17.817304522402882, 17.72940672716501, 17.741086297217166, 17.72567408106586, 17.62278549746208, 17.7636025817507, 17.656559924262385, 17.67323642376984, 17.580763126862053, 17.576187625192134, 17.562039692396993, 17.464569466033904, 17.538740756262023, 17.425015458176855, 17.400030810900333, 17.45295009995108, 17.41797159376396, 17.29798508286732, 17.361319658614068]","[0.21352874859075535, 0.21420518602029312, 0.2148816234498309, 0.2153325817361894, 0.21668545659526495, 0.21758737316798196, 0.21939120631341602, 0.2209695603156708, 0.22277339346110483, 0.22390078917700112, 0.2245772266065389, 0.22593010146561443, 0.22750845546786921, 0.22818489289740698, 0.22953776775648252, 0.2297632468996618, 0.23111612175873733, 0.23134160090191658, 0.23382187147688838, 0.23494926719278467, 0.2363021420518602, 0.23697857948139797, 0.23855693348365276, 0.24013528748590757, 0.24148816234498308, 0.24239007891770012, 0.24351747463359638, 0.24441939120631342, 0.2459977452085682, 0.24577226606538896, 0.24667418263810598]"
"(32, 16, 8)",Tanh,30,0.01,0.3,0.01,0.95,256,0.2905,"[17.1156950452955, 16.87412807052575, 17.031972435230816, 16.966664717211692, 16.86084224817655, 16.97920747876344, 16.994639846653765, 17.00373831800199, 16.888198479413212, 16.99757137582914, 16.930666815878457, 16.972863489914438, 16.937962789581206, 16.93013176772091, 17.04101396147644, 16.98567871469418, 16.98828024516051, 17.068822273742374, 17.047370401639867, 17.009732422509547, 16.994697104944994, 16.990602313001666, 16.95622692060311, 16.879489182010435, 17.00748628619118, 16.89779909738828, 16.80956705517548, 16.85738041389108, 16.79629171208969, 16.660520230189547, 16.64292418096682]","[0.27373167981961666, 0.27395715896279593, 0.2746335963923337, 0.2746335963923337, 0.2750845546786922, 0.27531003382187147, 0.27643742953776773, 0.27598647125140924, 0.27553551296505074, 0.27576099210822996, 0.27643742953776773, 0.27643742953776773, 0.2771138669673055, 0.27846674182638104, 0.2782412626832018, 0.27801578354002254, 0.27801578354002254, 0.2773393461104848, 0.27846674182638104, 0.27846674182638104, 0.2798196166854566, 0.2811724915445321, 0.2829763246899662, 0.2834272829763247, 0.2850056369785795, 0.2879368658399098, 0.29086809470124014, 0.29379932356257044, 0.2965050732807215, 0.30214205186020293, 0.3052987598647125]"
"(32, 16, 8)",Tanh,30,0.01,0.3,0,0.95,256,0.165,"[21.740375776571188, 21.67830548418061, 21.678305484180598, 21.736221702686656, 21.684566696992068, 21.700821768714142, 21.65542797583102, 21.583785252315216, 21.55837917725331, 21.565061817850168, 21.50967416605643, 21.4288804392008, 21.359344854611926, 21.274818481657146, 21.154892174729852, 20.965008855428305, 20.79384897059181, 20.61395951020087, 20.436538412552906, 20.41907926144402, 20.31372231509725, 20.199635793196034, 20.062190131190505, 20.017639193878157, 19.962672969869814, 19.90186696083539, 19.883143526370336, 19.844432374084068, 19.78531207619119, 19.520836038876137, 19.410120939258015]","[0.05659526493799324, 0.057046223224351746, 0.057046223224351746, 0.057722660653889514, 0.05817361894024803, 0.0588500563697858, 0.06042841037204059, 0.061781285231116125, 0.06245772266065389, 0.06403607666290868, 0.06606538895152199, 0.06877113866967305, 0.07237880496054115, 0.07666290868094701, 0.08207440811724916, 0.09064261555806088, 0.09695603156708005, 0.10507328072153325, 0.11025930101465614, 0.11386696730552424, 0.1181510710259301, 0.12423900789177002, 0.12762119503945885, 0.13010146561443067, 0.13258173618940247, 0.13438556933483653, 0.13664036076662908, 0.13979706877113868, 0.14340473506200677, 0.15016910935738445, 0.15986471251409246]"
"(32, 16, 8)",Sigmoid,30,0.01,0.2,0.01,0.95,256,0.235,"[17.987880556996632, 17.87525763195614, 17.79597383037722, 17.83217715157121, 17.868852512422887, 17.801680298404793, 17.828491026269145, 17.78262140952397, 17.799468229357405, 17.847789298347216, 17.89634483101094, 17.91389702161615, 17.91086924884075, 17.866439606392884, 17.86393975103183, 17.861717781080902, 17.83895301976867, 17.92063900601823, 17.898480129605613, 17.855809646301026, 18.021775368105345, 17.99019210926909, 17.969377967729027, 17.938514915382477, 17.960107652013942, 17.898770374568862, 17.994068791544017, 17.954388497633964, 18.0401272181081, 18.105485793579597, 17.952589427646036]","[0.23404735062006765, 0.23404735062006765, 0.23404735062006765, 0.23404735062006765, 0.23404735062006765, 0.23404735062006765, 0.23404735062006765, 0.23404735062006765, 0.23404735062006765, 0.23404735062006765, 0.23404735062006765, 0.23404735062006765, 0.23404735062006765, 0.23404735062006765, 0.23404735062006765, 0.23404735062006765, 0.23404735062006765, 0.23404735062006765, 0.23404735062006765, 0.23404735062006765, 0.23404735062006765, 0.23404735062006765, 0.23404735062006765, 0.23404735062006765, 0.23404735062006765, 0.23404735062006765, 0.23404735062006765, 0.23404735062006765, 0.23404735062006765, 0.23404735062006765, 0.23404735062006765]"
"(32, 16, 8)",Sigmoid,30,0.01,0.2,0,0.95,256,0.1985,"[18.098818283041453, 18.077987709649463, 17.984250129385508, 18.088402996345458, 18.09881828304145, 18.025911276169488, 18.02591127616948, 17.953004269297523, 18.067572422953464, 18.005080702777494, 18.06757242295346, 18.015495989473497, 18.088402996345458, 17.984250129385508, 18.057157136257473, 18.088402996345458, 18.036326562865483, 18.057157136257466, 18.036326562865483, 18.067572422953464, 18.046741849561474, 18.005080702777498, 18.036326562865483, 17.984250129385504, 18.05715713625747, 17.984250129385508, 18.10923356973744, 18.025911276169488, 18.036326562865483, 18.046741849561478, 18.025911276169484]","[0.21668545659526495, 0.21668545659526495, 0.21668545659526495, 0.21668545659526495, 0.21668545659526495, 0.21668545659526495, 0.21668545659526495, 0.21668545659526495, 0.21668545659526495, 0.21668545659526495, 0.21668545659526495, 0.21668545659526495, 0.21668545659526495, 0.21668545659526495, 0.21668545659526495, 0.21668545659526495, 0.21668545659526495, 0.21668545659526495, 0.21668545659526495, 0.21668545659526495, 0.21668545659526495, 0.21668545659526495, 0.21668545659526495, 0.21668545659526495, 0.21668545659526495, 0.21668545659526495, 0.21668545659526495, 0.21668545659526495, 0.21668545659526495, 0.21668545659526495, 0.21668545659526495]"
"(32, 16, 8)",Sigmoid,30,0.01,0.3,0.01,0.95,256,0.1985,"[18.331960058130935, 18.24126438245034, 18.268410731389793, 18.26574779308792, 18.33673044222079, 18.324867275953093, 18.334218387275733, 18.38558505620484, 18.343564858107907, 18.343562698212974, 18.36475790578096, 18.375916821143598, 18.345806670992136, 18.409839527651283, 18.422216041247765, 18.507933821610866, 18.479533185771974, 18.441183047353373, 18.382484239632866, 18.480513943224587, 18.47490693845238, 18.532326448951736, 18.548638266925078, 18.596768609639973, 18.510093395127413, 18.559430747921535, 18.56774291565153, 18.587128272219516, 18.607194613104646, 18.69045784779223, 18.67029824867587]","[0.21668545659526495, 0.21668545659526495, 0.21668545659526495, 0.21668545659526495, 0.21668545659526495, 0.21668545659526495, 0.21668545659526495, 0.21668545659526495, 0.21668545659526495, 0.21668545659526495, 0.21668545659526495, 0.21668545659526495, 0.21668545659526495, 0.21668545659526495, 0.21668545659526495, 0.21668545659526495, 0.21668545659526495, 0.21668545659526495, 0.21668545659526495, 0.21668545659526495, 0.21668545659526495, 0.21668545659526495, 0.21668545659526495, 0.21668545659526495, 0.21668545659526495, 0.21668545659526495, 0.21668545659526495, 0.21668545659526495, 0.21668545659526495, 0.21668545659526495, 0.21668545659526495]"
"(32, 16, 8)",Sigmoid,30,0.01,0.3,0,0.95,256,0.235,"[17.83903815533499, 17.589071274631113, 17.75571586176703, 17.630732421415093, 17.609901848023096, 17.67239356819907, 17.67239356819907, 17.70363942828705, 17.568240701239116, 17.641147708111085, 17.58907127463111, 17.651562994807076, 17.58907127463111, 17.651562994807076, 17.69322414159106, 17.620317134719095, 17.63073242141509, 17.661978281503075, 17.661978281503075, 17.599486561327105, 17.67239356819907, 17.609901848023096, 17.65156299480708, 17.57865598793511, 17.661978281503075, 17.599486561327105, 17.599486561327105, 17.70363942828705, 17.641147708111085, 17.63073242141509, 17.661978281503075]","[0.23404735062006765, 0.23404735062006765, 0.23404735062006765, 0.23404735062006765, 0.23404735062006765, 0.23404735062006765, 0.23404735062006765, 0.23404735062006765, 0.23404735062006765, 0.23404735062006765, 0.23404735062006765, 0.23404735062006765, 0.23404735062006765, 0.23404735062006765, 0.23404735062006765, 0.23404735062006765, 0.23404735062006765, 0.23404735062006765, 0.23404735062006765, 0.23404735062006765, 0.23404735062006765, 0.23404735062006765, 0.23404735062006765, 0.23404735062006765, 0.23404735062006765, 0.23404735062006765, 0.23404735062006765, 0.23404735062006765, 0.23404735062006765, 0.23404735062006765, 0.23404735062006765]"
"(32, 16, 8)",ReLu,30,0.01,0.2,0.01,0.95,256,0.2965,"[22.35331641836635, 22.28866004975725, 22.258233781179563, 22.01303667551044, 21.588011304806287, 20.962578230039632, 20.525653554280176, 19.875296361439755, 19.501684884681598, 19.001696665010286, 18.745171256647524, 18.352288685530226, 18.05917654472517, 17.689686660438145, 17.557068321993434, 17.318469638387914, 17.242167294554, 17.102827816545034, 17.09209165772697, 17.209547125295284, 17.35394454264949, 17.55280809868713, 17.94197038327996, 18.027050402240246, 18.062966014881734, 17.918125786022024, 17.642572413065565, 17.291587023281977, 17.158073804560555, 16.95372927427326, 16.846537941643124]","[0.036753100338218714, 0.037880496054115, 0.039909808342728295, 0.05073280721533258, 0.06922209695603157, 0.09582863585118377, 0.1177001127395716, 0.14498308906426155, 0.16166854565952649, 0.18218714768883879, 0.19549041713641488, 0.21307779030439683, 0.22570462232243518, 0.2399098083427283, 0.25095828635851186, 0.2597519729425028, 0.2635851183765502, 0.2665163472378805, 0.2674182638105975, 0.2658399098083427, 0.2593010146561443, 0.24937993235625705, 0.23652762119503945, 0.2322435174746336, 0.2306651634723788, 0.23585118376550168, 0.2511837655016911, 0.2633596392333709, 0.27373167981961666, 0.2802705749718151, 0.2899661781285231]"
"(32, 16, 8)",ReLu,30,0.01,0.2,0,0.95,256,0.2255,"[18.093821353586147, 17.968837913234207, 18.052160206802164, 18.062575493498162, 18.031329633410177, 18.057157136257473, 18.07798770964946, 18.031329633410174, 17.974256270474896, 18.099239710826836, 18.026332703954875, 18.01591741725888, 18.04716327734686, 18.021335774499573, 18.062996921283546, 18.02133577449957, 18.02133577449957, 18.042587775676946, 18.01134191558896, 18.01176334337435, 17.97552055383106, 17.93927776428777, 17.970523624375755, 17.882204401352492, 17.940120619858547, 17.988885835024764, 17.896833965902356, 17.80104945068081, 17.741507725002553, 17.668239494314538, 17.408338958669397]","[0.2169109357384442, 0.2169109357384442, 0.2169109357384442, 0.2169109357384442, 0.2169109357384442, 0.21668545659526495, 0.21668545659526495, 0.2169109357384442, 0.21713641488162344, 0.21713641488162344, 0.21713641488162344, 0.21713641488162344, 0.21713641488162344, 0.21736189402480272, 0.21736189402480272, 0.21736189402480272, 0.21736189402480272, 0.2178128523111612, 0.2178128523111612, 0.21826381059751973, 0.21848928974069898, 0.21871476888387825, 0.21871476888387825, 0.2189402480270575, 0.21961668545659527, 0.22164599774520857, 0.2234498308906426, 0.22683201803833145, 0.22998872604284104, 0.2351747463359639, 0.24126268320180383]"
"(32, 16, 8)",ReLu,30,0.01,0.3,0.01,0.95,256,0.3805,"[20.52875192520135, 20.452147501237718, 20.036371361595805, 19.46749142665891, 19.29786963152731, 19.064947197262253, 18.903612234851902, 18.808838488471277, 18.677733126669043, 18.413314184710945, 18.03889004740904, 17.676867150193914, 17.37981776241716, 17.025238156011373, 16.793092885785757, 16.599651655866694, 16.444567683935695, 16.144113950164208, 16.044481838496274, 15.903665161237909, 15.829987959932051, 15.626421452575832, 15.475039288055267, 15.443769830174315, 15.305182631903978, 15.248819052608239, 15.243457055129689, 15.125419325656877, 15.003880443128201, 14.999211587566833, 14.949423689015127]","[0.1177001127395716, 0.12175873731679819, 0.13844419391206314, 0.16257046223224353, 0.1729425028184893, 0.18196166854565954, 0.18917700112739572, 0.1948139797068771, 0.20022547914317926, 0.21307779030439683, 0.23043968432919956, 0.2439684329199549, 0.2597519729425028, 0.274859075535513, 0.28680947012401353, 0.295152198421646, 0.3050732807215333, 0.31499436302142053, 0.32198421645997743, 0.3289740698985344, 0.33483652762119503, 0.34047350620067646, 0.34565952649379933, 0.3506200676437429, 0.3571589627959414, 0.36189402480270577, 0.36482525366403606, 0.36910935738444195, 0.3745208568207441, 0.37609921082299885, 0.3788049605411499]"
"(32, 16, 8)",ReLu,30,0.01,0.3,0,0.95,256,0.4285,"[20.107162496288236, 20.07344827345727, 19.947682181503907, 19.811500802854532, 19.78031514673589, 19.56749411511542, 19.412167874215605, 19.18062340813008, 19.021985948916516, 18.85919441581842, 18.197071161005983, 17.402137949827267, 16.84452878579083, 16.40768878425245, 16.136590310309877, 15.878435689775621, 15.740628803954046, 15.485785401733548, 15.25424093564802, 14.993557748401445, 14.630407405336465, 14.550516738020942, 14.33522734365749, 14.062864586358751, 13.897544486548336, 13.774306961307284, 13.628131723747313, 13.41741783105377, 13.311639456921617, 13.232952868992916, 13.255047725741065]","[0.12559188275084554, 0.12852311161217586, 0.13325817361894024, 0.13799323562570462, 0.143630214205186, 0.14994363021420518, 0.1564825253664036, 0.16505073280721533, 0.17361894024802707, 0.18331454340473508, 0.21037204058624578, 0.24577226606538896, 0.2676437429537768, 0.2850056369785795, 0.29582863585118374, 0.3093573844419391, 0.3179255918827508, 0.3294250281848929, 0.3379932356257046, 0.3488162344983089, 0.3614430665163472, 0.3706877113866967, 0.37993235625704624, 0.38940248027057495, 0.3963923337091319, 0.40383314543404736, 0.40901916572717023, 0.41758737316798195, 0.42142051860202934, 0.42638105975197294, 0.42773393461104847]"
"(10, 10, 10)",Tanh,30,0.01,0.2,0.01,0.95,256,0.195,"[20.895060848603926, 20.849643197297898, 20.89303721312293, 20.88620490290915, 20.915495152905095, 20.914998216490716, 20.83506800873679, 20.89152420950605, 20.848967503698447, 20.849903415582624, 20.89758692436951, 20.94379979783123, 20.97891457309946, 20.92256402010574, 21.04007368751893, 20.96155546468379, 21.013201340295293, 21.07545298395601, 21.07998457491018, 21.054738008403277, 21.0930369281538, 21.0582252833994, 21.10654005204094, 21.08717811544711, 21.070165236278292, 20.99048920146863, 20.930698530761063, 20.671660116400563, 20.168892559387277, 19.408257598999793, 18.664536482340903]","[0.09763246899661782, 0.09785794813979706, 0.09695603156708005, 0.09740698985343856, 0.0971815107102593, 0.09830890642615558, 0.09785794813979706, 0.09830890642615558, 0.09853438556933483, 0.10056369785794814, 0.09673055242390079, 0.09673055242390079, 0.09582863585118377, 0.0971815107102593, 0.09492671927846674, 0.09447576099210823, 0.09379932356257047, 0.0931228861330327, 0.09177001127395716, 0.09177001127395716, 0.09267192784667418, 0.0931228861330327, 0.0931228861330327, 0.09289740698985344, 0.09492671927846674, 0.09650507328072154, 0.10236753100338218, 0.11206313416009019, 0.13370913190529876, 0.1688838782412627, 0.1995490417136415]"
"(10, 10, 10)",Tanh,30,0.01,0.2,0,0.95,256,0.194,"[19.859302754511294, 20.021371839977302, 20.073448273457277, 20.063454414546666, 19.996808620486167, 19.977242330450345, 19.983503543261804, 19.994761685528573, 19.897291459165476, 19.893558813066328, 19.858580306879205, 19.79735287005939, 19.76237436387227, 19.728660141041303, 19.617041981883062, 19.619149120810004, 19.58958897186357, 19.48212488658986, 19.421740305340826, 19.39302301196517, 19.30765378343962, 19.295191561786023, 19.163164257021187, 19.053653236789884, 18.89537700139237, 18.852933203006955, 18.727588538838965, 18.653477452580187, 18.516874646145432, 18.358598410747913, 18.315733184577113]","[0.1278466741826381, 0.12852311161217586, 0.12852311161217586, 0.12897406989853438, 0.13010146561443067, 0.1314543404735062, 0.13258173618940247, 0.13348365276211951, 0.1350620067643743, 0.13664036076662908, 0.13821871476888387, 0.1395715896279594, 0.14114994363021421, 0.14408117249154453, 0.1472378804960541, 0.14949267192784668, 0.1512965050732807, 0.15332581736189402, 0.1555806087936866, 0.15828635851183764, 0.16166854565952649, 0.16505073280721533, 0.16865839909808342, 0.17406989853438556, 0.1774520856820744, 0.18218714768883879, 0.18737316798196166, 0.19165727170236754, 0.1959413754227734, 0.19932356257046224, 0.2036076662908681]"
"(10, 10, 10)",Tanh,30,0.01,0.3,0.01,0.95,256,0.3855,"[18.14400466229405, 17.958492723323253, 17.797545229117613, 17.59625730593335, 17.447508592438485, 17.379009386501508, 17.260781454638103, 17.10984440521095, 17.0670131703759, 16.8902706738169, 16.879981593753673, 16.851567381503454, 16.896305222891357, 16.812580398069947, 16.767829153532507, 16.77169364273638, 16.678369221508017, 16.698639785965497, 16.70295644410941, 16.66219067057853, 16.579243624133618, 16.50084489007705, 16.306598018055755, 15.881526196643284, 15.629730889307861, 15.483254779457077, 15.272576506283462, 15.144789328971674, 15.074079751339411, 14.941318797050247, 14.840260619527887]","[0.22029312288613304, 0.22593010146561443, 0.23337091319052988, 0.24126268320180383, 0.2491544532130778, 0.25343855693348366, 0.25997745208568207, 0.26471251409244645, 0.267869222096956, 0.2723788049605412, 0.27643742953776773, 0.27756482525366405, 0.2786922209695603, 0.2813979706877114, 0.2809470124013529, 0.28207440811724915, 0.2847801578354002, 0.28613303269447576, 0.28680947012401353, 0.2890642615558061, 0.29041713641488165, 0.2962795941375423, 0.30597519729425027, 0.31905298759864714, 0.3332581736189402, 0.342728297632469, 0.34994363021420516, 0.35625704622322435, 0.36189402480270577, 0.36753100338218714, 0.37316798196166856]"
"(10, 10, 10)",Tanh,30,0.01,0.3,0,0.95,256,0.245,"[18.927947348805855, 18.763831328382263, 18.561847011243167, 18.42151155870927, 18.257877170040402, 18.059264275184407, 17.82603409795733, 17.812729020732966, 17.665710927602216, 17.58533862853197, 17.531215260094395, 17.42501545817685, 17.465412321604674, 17.384197166963652, 17.375467591409205, 17.4062920237118, 17.411710380952492, 17.437537883799788, 17.370892089739286, 17.40713487928258, 17.327966659599145, 17.40544916814103, 17.44668888713962, 17.38835124084818, 17.413757315910086, 17.413757315910082, 17.434166461516693, 17.52248568453995, 17.512491825629347, 17.470409251059976, 17.38666552970663]","[0.18444193912063134, 0.1871476888387824, 0.1939120631341601, 0.19977452085682074, 0.20856820744081173, 0.2189402480270575, 0.22570462232243518, 0.22818489289740698, 0.23246899661781284, 0.23562570462232243, 0.23900789177001128, 0.24239007891770012, 0.24103720405862458, 0.24329199549041713, 0.2450958286358512, 0.24464487034949267, 0.24487034949267192, 0.24464487034949267, 0.24577226606538896, 0.2455467869222097, 0.24441939120631342, 0.24374295377677566, 0.24329199549041713, 0.24216459977452084, 0.24148816234498308, 0.24148816234498308, 0.24103720405862458, 0.2408117249154453, 0.24126268320180383, 0.2408117249154453, 0.24036076662908681]"
"(10, 10, 10)",Sigmoid,30,0.01,0.2,0.01,0.95,256,0.235,"[17.937036569314788, 17.646689604607065, 17.71184113822819, 17.76718252192229, 17.73951274283348, 17.774535756037125, 17.705567641332344, 17.75131712528308, 17.745138444935996, 17.759940734242644, 17.743652103788772, 17.71710805694509, 17.774051681933795, 17.78950539022398, 17.836382001285685, 17.7480432808144, 17.75363194420618, 17.853154674786563, 17.79665142529878, 17.792435293295373, 17.819683023792958, 17.867986700076496, 17.822786442556197, 17.902811437746532, 17.816442114038335, 17.876145870047676, 17.85279553410112, 17.913045087236057, 17.84859855115474, 17.951094265531125, 17.87683794438017]","[0.23404735062006765, 0.23404735062006765, 0.23404735062006765, 0.23404735062006765, 0.23404735062006765, 0.23404735062006765, 0.23404735062006765, 0.23404735062006765, 0.23404735062006765, 0.23404735062006765, 0.23404735062006765, 0.23404735062006765, 0.23404735062006765, 0.23404735062006765, 0.23404735062006765, 0.23404735062006765, 0.23404735062006765, 0.23404735062006765, 0.23404735062006765, 0.23404735062006765, 0.23404735062006765, 0.23404735062006765, 0.23404735062006765, 0.23404735062006765, 0.23404735062006765, 0.23404735062006765, 0.23404735062006765, 0.23404735062006765, 0.23404735062006765, 0.23404735062006765, 0.23404735062006765]"
"(10, 10, 10)",Sigmoid,30,0.01,0.2,0,0.95,256,0.235,"[17.83903815533499, 17.70363942828705, 17.6099018480231, 17.693224141591056, 17.609901848023096, 17.67239356819907, 17.65156299480708, 17.682808854895068, 17.65156299480708, 17.599486561327105, 17.693224141591056, 17.63073242141509, 17.6099018480231, 17.69322414159106, 17.599486561327105, 17.6099018480231, 17.63073242141509, 17.63073242141509, 17.536994841151134, 17.661978281503075, 17.63073242141509, 17.651562994807076, 17.661978281503075, 17.6099018480231, 17.59948656132711, 17.557825414543125, 17.67239356819907, 17.620317134719095, 17.724470001679045, 17.661978281503075, 17.578655987935115]","[0.23404735062006765, 0.23404735062006765, 0.23404735062006765, 0.23404735062006765, 0.23404735062006765, 0.23404735062006765, 0.23404735062006765, 0.23404735062006765, 0.23404735062006765, 0.23404735062006765, 0.23404735062006765, 0.23404735062006765, 0.23404735062006765, 0.23404735062006765, 0.23404735062006765, 0.23404735062006765, 0.23404735062006765, 0.23404735062006765, 0.23404735062006765, 0.23404735062006765, 0.23404735062006765, 0.23404735062006765, 0.23404735062006765, 0.23404735062006765, 0.23404735062006765, 0.23404735062006765, 0.23404735062006765, 0.23404735062006765, 0.23404735062006765, 0.23404735062006765, 0.23404735062006765]"
"(10, 10, 10)",Sigmoid,30,0.01,0.3,0.01,0.95,256,0.112,"[20.78629176141324, 20.725802435452596, 20.70912872242488, 20.682985835269594, 20.730236199941775, 20.704893846212077, 20.70063461566989, 20.76951618094126, 20.724060733412934, 20.77257792995969, 20.77967601279388, 20.787024042800585, 20.721723418774662, 20.771258426798514, 20.758578530721657, 20.819091956473418, 20.75491846713924, 20.826450703306737, 20.814978354266884, 20.824665548844845, 20.85552356415797, 20.834657869854894, 20.845402868729295, 20.86694078535183, 20.87845454366072, 20.890372953053106, 20.881879817728866, 20.905066351699006, 20.98077842361628, 20.994463490697417, 20.956553204498668]","[0.10800450958286359, 0.10800450958286359, 0.10800450958286359, 0.10800450958286359, 0.10800450958286359, 0.10800450958286359, 0.10800450958286359, 0.10800450958286359, 0.10800450958286359, 0.10800450958286359, 0.10800450958286359, 0.10800450958286359, 0.10800450958286359, 0.10800450958286359, 0.10800450958286359, 0.10800450958286359, 0.10800450958286359, 0.10800450958286359, 0.10800450958286359, 0.10800450958286359, 0.10800450958286359, 0.10800450958286359, 0.10800450958286359, 0.10800450958286359, 0.10800450958286359, 0.10800450958286359, 0.10800450958286359, 0.10800450958286359, 0.10800450958286359, 0.10800450958286359, 0.10800450958286359]"
"(10, 10, 10)",Sigmoid,30,0.01,0.3,0,0.95,256,0.1985,"[18.098818283041453, 18.067572422953464, 18.046741849561478, 18.06757242295346, 18.07798770964946, 17.984250129385504, 17.984250129385508, 18.025911276169488, 18.015495989473493, 18.09881828304145, 18.015495989473493, 18.046741849561474, 18.046741849561474, 18.025911276169484, 18.088402996345458, 18.015495989473497, 18.025911276169484, 18.05715713625747, 18.015495989473493, 18.057157136257473, 18.005080702777494, 18.057157136257473, 18.015495989473493, 18.067572422953464, 18.0050807027775, 18.01549598947349, 18.025911276169484, 18.088402996345458, 17.9946654160815, 18.015495989473493, 18.015495989473493]","[0.21668545659526495, 0.21668545659526495, 0.21668545659526495, 0.21668545659526495, 0.21668545659526495, 0.21668545659526495, 0.21668545659526495, 0.21668545659526495, 0.21668545659526495, 0.21668545659526495, 0.21668545659526495, 0.21668545659526495, 0.21668545659526495, 0.21668545659526495, 0.21668545659526495, 0.21668545659526495, 0.21668545659526495, 0.21668545659526495, 0.21668545659526495, 0.21668545659526495, 0.21668545659526495, 0.21668545659526495, 0.21668545659526495, 0.21668545659526495, 0.21668545659526495, 0.21668545659526495, 0.21668545659526495, 0.21668545659526495, 0.21668545659526495, 0.21668545659526495, 0.21668545659526495]"
"(10, 10, 10)",ReLu,30,0.01,0.2,0.01,0.95,256,0.352,"[20.36678688173322, 20.229727272971196, 20.03444823704788, 19.85600481281548, 19.85907369198757, 19.711102332400806, 19.487910317851316, 19.434395875253518, 19.35266640723813, 19.296908813393006, 19.19963798940525, 19.204565582883127, 19.230482028908202, 19.32778334871768, 19.178236970763383, 19.19593207650788, 19.258359079448436, 19.119349742416134, 19.0988347374156, 19.188512239430118, 19.219636786506346, 19.24808417606951, 19.177174829613243, 19.1281667730684, 19.004439582244213, 18.6985985984392, 17.887837375082103, 16.870838621674473, 16.00859361372635, 15.532657201221516, 15.220646158824994]","[0.12423900789177002, 0.12671927846674183, 0.13235625704622322, 0.1386696730552424, 0.1438556933483653, 0.1488162344983089, 0.15670800450958286, 0.162119503945885, 0.16505073280721533, 0.1677564825253664, 0.17046223224351748, 0.170913190529876, 0.1713641488162345, 0.17001127395715895, 0.171815107102593, 0.17406989853438556, 0.17384441939120632, 0.17519729425028185, 0.17497181510710258, 0.1754227733934611, 0.17429537767756484, 0.17564825253664035, 0.17632468996617812, 0.17790304396843293, 0.18286358511837655, 0.19887260428410372, 0.23156708004509582, 0.2773393461104848, 0.3156708004509583, 0.3379932356257046, 0.35152198421645997]"
"(10, 10, 10)",ReLu,30,0.01,0.2,0,0.95,256,0.199,"[20.632321720849877, 20.569830000673907, 20.50733828049794, 20.53858414058592, 20.56983000067391, 20.53358721113062, 20.529011709460708, 20.53527292227217, 20.444063908720544, 20.338706962373763, 20.222934729331005, 20.11842063855501, 20.008488190538323, 19.90812817364686, 19.798195725630176, 19.71282649710462, 19.56833697068619, 19.391337300823622, 19.32138028844936, 19.242272272735274, 19.09820417410224, 18.91036778975828, 18.89417292200555, 18.779243544533557, 18.662207028134635, 18.586410230734305, 18.543545004563498, 18.469012490519322, 18.332831111869957, 18.21079766601573, 18.15167736812286]","[0.10800450958286359, 0.10800450958286359, 0.10800450958286359, 0.10800450958286359, 0.10800450958286359, 0.10822998872604284, 0.1089064261555806, 0.1100338218714769, 0.11273957158962795, 0.11702367531003383, 0.12130777903043968, 0.12649379932356258, 0.1314543404735062, 0.13551296505073282, 0.14047350620067645, 0.1438556933483653, 0.15084554678692222, 0.1564825253664036, 0.15963923337091318, 0.1641488162344983, 0.17158962795941377, 0.17677564825253664, 0.18173618940248026, 0.18692220969560316, 0.18985343855693348, 0.1923337091319053, 0.19661781285231117, 0.2004509582863585, 0.20518602029312288, 0.20834272829763248, 0.21195039458850057]"
"(10, 10, 10)",ReLu,30,0.01,0.3,0.01,0.95,256,0.357,"[18.277045024177834, 18.112673614757824, 18.1265109705482, 18.121655826093296, 18.086002617570546, 18.055212570474, 18.076730429632207, 18.025556438215258, 18.09416151724401, 18.0746645980277, 18.065806342783876, 18.16133080654713, 18.07629804196139, 17.918180558162597, 17.889093663442438, 17.80861033945277, 17.553020211327308, 17.3781403689603, 17.165615293360105, 17.05001110152538, 16.87890311718024, 16.75019393150926, 16.594718299133845, 16.453307908373283, 16.554631837683942, 16.498042660151516, 16.661336074323238, 16.76837094097171, 16.5680469804935, 16.045028955216235, 15.421664216473532]","[0.22074408117249156, 0.22119503945885005, 0.22074408117249156, 0.22164599774520857, 0.2225479143179256, 0.22277339346110483, 0.2229988726042841, 0.22322435174746336, 0.22322435174746336, 0.2234498308906426, 0.22367531003382188, 0.22390078917700112, 0.22570462232243518, 0.22705749718151072, 0.23246899661781284, 0.2383314543404735, 0.2459977452085682, 0.25614430665163473, 0.26471251409244645, 0.27080045095828637, 0.27846674182638104, 0.28658399098083426, 0.2935738444193912, 0.2985343855693348, 0.29537767756482525, 0.2956031567080045, 0.2910935738444194, 0.287260428410372, 0.2940248027057497, 0.31724915445321306, 0.3440811724915445]"
"(10, 10, 10)",ReLu,30,0.01,0.3,0,0.95,256,0.105,"[20.607698297389405, 20.64351965914731, 20.658931875298606, 20.700171594297196, 20.710586880993194, 20.704747095967114, 20.67350123587913, 20.69306752591496, 20.66681859528228, 20.775125536126758, 20.773861252770597, 20.834667261805016, 20.77675104329896, 20.910885486990743, 20.889633485813356, 20.89962734472397, 20.925033419785876, 20.944599709821702, 20.87711106019043, 20.913353849733717, 20.887947774671815, 20.980421071579606, 20.93418442312571, 20.882529417431115, 20.985418001034915, 20.984575145464134, 20.964587427642922, 20.91293242194833, 20.94333542646554, 20.92292628085894, 20.918350779189023]","[0.10394588500563698, 0.10326944757609921, 0.10304396843291995, 0.10259301014656144, 0.10259301014656144, 0.10191657271702367, 0.10191657271702367, 0.10056369785794814, 0.10033821871476889, 0.0992108229988726, 0.09785794813979706, 0.09605411499436302, 0.09537767756482525, 0.09402480270574971, 0.0935738444193912, 0.0931228861330327, 0.09244644870349493, 0.09109357384441939, 0.09131905298759865, 0.09109357384441939, 0.09177001127395716, 0.09041713641488162, 0.09109357384441939, 0.0915445321307779, 0.09019165727170236, 0.08928974069898535, 0.09019165727170236, 0.09064261555806088, 0.08974069898534386, 0.09019165727170236, 0.09086809470124013]"
"(64,)",Tanh,30,0.01,0.2,0.01,0.95,256,0.553,"[20.729146836011918, 20.223242998697867, 19.414817907815415, 18.78963448838186, 18.44181481947844, 18.28830902624361, 17.991318575360317, 17.643300822113556, 17.22432555324485, 16.650230728075723, 15.850222128296327, 15.212441480039574, 14.852667920486953, 14.411431217037357, 13.97549390546854, 13.468524969902717, 13.00389807034338, 12.49456657160413, 12.296225243340901, 12.029417881861349, 11.854537871477293, 11.698688345325053, 11.454838078536417, 11.340876066600329, 11.25681505730682, 10.989424523622487, 10.871946371858801, 10.712763363597665, 10.531455568984034, 10.341823612989803, 10.288431351130178]","[0.10732807215332582, 0.12694475760992108, 0.16076662908680947, 0.18917700112739572, 0.20744081172491544, 0.21600901916572718, 0.22683201803833145, 0.23855693348365276, 0.2577226606538895, 0.2834272829763247, 0.3179255918827508, 0.34746335963923336, 0.3677564825253664, 0.3842164599774521, 0.4060879368658399, 0.4241262683201804, 0.4426155580608794, 0.46313416009019165, 0.4762119503945885, 0.4881623449830891, 0.49785794813979706, 0.5052987598647125, 0.5129650507328072, 0.5199549041713641, 0.525140924464487, 0.5343855693348365, 0.5420518602029313, 0.5492671927846674, 0.5546786922209695, 0.5618940248027058, 0.5695603156708005]"
"(64,)",Tanh,30,0.01,0.2,0,0.95,256,0.7095,"[17.417550165978568, 17.294673864553562, 17.139347623653762, 16.95903673547743, 16.729599408318837, 16.4297836410006, 15.905527475979078, 15.218841001675505, 14.711682763946827, 14.089896168592867, 13.464858558894488, 12.86986272989728, 12.015749016856354, 11.225391307347559, 10.105236253788709, 9.252868455858673, 8.410795536685951, 7.865287370487049, 7.495936018579948, 7.230677329663454, 7.037061364262762, 6.8459137616050505, 6.638932515010655, 6.626891721142452, 6.574032636061045, 6.380777894476399, 6.327075953824218, 6.198781295158522, 6.117144712732111, 6.1192518516590475, 6.194687425243334]","[0.2455467869222097, 0.24780157835400227, 0.2543404735062007, 0.2620067643742954, 0.27282976324689967, 0.28635851183765504, 0.3104847801578354, 0.3391206313416009, 0.36482525366403606, 0.38489289740698984, 0.41262683201803835, 0.4446448703494927, 0.47801578354002255, 0.5127395715896279, 0.5623449830890642, 0.6031567080045096, 0.6326944757609921, 0.656369785794814, 0.6735062006764374, 0.6850056369785795, 0.695152198421646, 0.7023675310033822, 0.7093573844419391, 0.7131905298759865, 0.7179255918827508, 0.7228861330326944, 0.7267192784667418, 0.7287485907553551, 0.7305524239007892, 0.7328072153325818, 0.7355129650507328]"
"(64,)",Tanh,30,0.01,0.3,0.01,0.95,256,0.594,"[17.693683738353865, 17.456874764084642, 17.192610695759004, 16.69722940409283, 15.913102591385298, 15.192312878550878, 14.38228090733813, 13.826203971474623, 13.192113517142584, 12.832809779178202, 12.287621029748703, 12.120127387309504, 11.833897804200213, 11.523404489821777, 11.271199384761326, 10.887292161497387, 10.587948523903039, 10.438986048855327, 10.270824069333148, 10.124356083740722, 9.879189811604043, 9.845692895902665, 9.655192710966116, 9.585608088389911, 9.537801078478939, 9.622565216984889, 9.584173152990475, 9.529687320062369, 9.527038509835034, 9.52501432532426, 9.520325442892075]","[0.2480270574971815, 0.25366403607666294, 0.2658399098083427, 0.28568207440811727, 0.31905298759864714, 0.3528748590755355, 0.3855693348365276, 0.41104847801578354, 0.4363021420518602, 0.45434047350620066, 0.47373167981961667, 0.48455467869222096, 0.5016910935738444, 0.5147688838782413, 0.5285231116121759, 0.5402480270574972, 0.5528748590755355, 0.5643742953776776, 0.5715896279594137, 0.5792559188275085, 0.5866967305524239, 0.5916572717023675, 0.5952649379932357, 0.5995490417136415, 0.6042841037204059, 0.6054114994363021, 0.6078917700112739, 0.6092446448703495, 0.609695603156708, 0.6101465614430666, 0.6126268320180384]"
"(64,)",Tanh,30,0.01,0.3,0,0.95,256,0.7005,"[21.0491138005977, 20.984153717678748, 20.606855441818634, 20.14882364307222, 19.303439505585743, 18.471059425476923, 17.016471322228753, 15.739364520597885, 14.786155074021657, 13.890861845951482, 13.372445465956039, 12.881060668194706, 12.448796168326247, 12.18106911666677, 11.864998277626462, 11.549770294156927, 11.191255656731208, 10.456225395046804, 9.945334511218983, 9.1411900927311, 8.56070342034507, 8.237167289106475, 7.993160601367356, 7.748311058057466, 7.455960582937515, 7.302320053179255, 7.147415240064834, 6.950849280166434, 6.825926043783835, 6.63267130219919, 6.713525233024168]","[0.0859075535512965, 0.08883878241262683, 0.10304396843291995, 0.12559188275084554, 0.15715896279594138, 0.19706877113866966, 0.25659526493799323, 0.3165727170236753, 0.3553551296505073, 0.3948139797068771, 0.41961668545659525, 0.4399098083427283, 0.45659526493799324, 0.4710259301014656, 0.4838782412626832, 0.49763246899661784, 0.5152198421645998, 0.5422773393461104, 0.5695603156708005, 0.6006764374295378, 0.6259301014656145, 0.6419391206313416, 0.6538895152198422, 0.6649379932356257, 0.6753100338218715, 0.683652762119504, 0.6906426155580608, 0.6976324689966178, 0.7032694475760992, 0.7082299887260428, 0.7111612175873732]"
"(64,)",Sigmoid,30,0.01,0.2,0.01,0.95,256,0.3485,"[20.018900318546777, 19.855294793659695, 19.89149002389163, 19.610285927479353, 19.5295113286807, 19.40482610766538, 19.270371763863515, 19.074476460180698, 18.922555506097385, 18.491798004300314, 18.161615640271172, 17.809199533630505, 17.25334303454456, 16.951784996266582, 16.705017862843427, 16.58300692099187, 16.52495537517205, 16.41263171122025, 16.261397691948133, 16.273367754950662, 16.086064202282095, 16.231941464460167, 16.07116256951117, 15.943168954333691, 15.771814577499438, 15.683720278181386, 15.730553877473334, 15.50823913935503, 15.399626780460016, 15.184805732887286, 15.06204229729347]","[0.14182638105975198, 0.14317925591882752, 0.14453213077790306, 0.15084554678692222, 0.15941375422773393, 0.16527621195039457, 0.17158962795941377, 0.17880496054114994, 0.1882750845546787, 0.2056369785794814, 0.2189402480270575, 0.23607666290868096, 0.25817361894024804, 0.27350620067643744, 0.2859075535512965, 0.2922209695603157, 0.294250281848929, 0.2992108229988726, 0.3012401352874859, 0.304847801578354, 0.30665163472378804, 0.3080045095828636, 0.31521984216459975, 0.3181510710259301, 0.3244644870349493, 0.33032694475760993, 0.33528748590755353, 0.3416009019165727, 0.3465614430665164, 0.3544532130777903, 0.3600901916572717]"
"(64,)",Sigmoid,30,0.01,0.2,0,0.95,256,0.6675,"[19.2173478294281, 19.00615230497983, 18.842517916310964, 18.548903157834854, 18.185391590953824, 17.7636025817507, 17.182694481579283, 16.5701190935345, 16.077891440202393, 15.862662249808276, 15.57988420581355, 15.433287540468188, 15.223837931130808, 14.839495790857796, 14.2731570512669, 13.502365631793937, 12.801952652480617, 12.15066611214956, 11.597692653752373, 11.085898710384436, 10.62864956323946, 10.117698475442298, 9.751297118032905, 9.37231313103124, 9.055459640389497, 8.67984707567093, 8.200081643992412, 7.960229030137823, 7.736210060219921, 7.4725768784756355, 7.386003570563261]","[0.170913190529876, 0.1733934611048478, 0.18218714768883879, 0.19120631341600902, 0.20901916572717025, 0.23134160090191658, 0.25614430665163473, 0.28049605411499434, 0.29988726042841035, 0.31476888387824126, 0.32423900789177, 0.3289740698985344, 0.33889515219842165, 0.35670800450958284, 0.38038331454340474, 0.4137542277339346, 0.4444193912063134, 0.47192784667418264, 0.4987598647125141, 0.5195039458850056, 0.5373167981961668, 0.5589627959413754, 0.5792559188275085, 0.5916572717023675, 0.6092446448703495, 0.6252536640360766, 0.6412626832018038, 0.6520856820744081, 0.6631341600901917, 0.6708004509582863, 0.6784667418263811]"
"(64,)",Sigmoid,30,0.01,0.3,0.01,0.95,256,0.4175,"[22.803344823368366, 22.745240850078144, 22.70172483529776, 22.527880237288773, 22.313874494025907, 22.107819442433918, 21.82131286601061, 21.536808496015777, 21.101384864958796, 20.874164260445024, 20.431078826809156, 19.98417774846004, 19.550991886937158, 19.073556889631067, 18.721901489151325, 18.203628147839936, 17.769861071259193, 17.28443300018217, 16.813643194016176, 16.247092571789665, 15.660111829959568, 15.299372961439898, 14.975791806751758, 14.679331909801435, 14.450889515326583, 14.150508892538657, 13.899038982968106, 13.700593112245851, 13.476926790139858, 13.340522615404964, 13.148538488961442]","[0.01939120631341601, 0.021195039458850057, 0.02435174746335964, 0.03156708004509583, 0.03968432919954904, 0.05028184892897407, 0.06358511837655018, 0.07869222096956031, 0.0935738444193912, 0.10800450958286359, 0.12514092446448705, 0.14340473506200677, 0.16482525366403608, 0.1830890642615558, 0.20180383314543404, 0.22570462232243518, 0.24487034949267192, 0.2640360766629087, 0.287260428410372, 0.3134160090191657, 0.333934611048478, 0.3508455467869222, 0.36798196166854563, 0.38015783540022546, 0.392108229988726, 0.4045095828635851, 0.418489289740699, 0.42728297632469, 0.4363021420518602, 0.44329199549041715, 0.45140924464487037]"
"(64,)",Sigmoid,30,0.01,0.3,0,0.95,256,0.4035,"[19.077855232464973, 18.796702695642452, 18.426087060379192, 18.002612340034513, 17.566615194066912, 16.99401524166456, 16.707143327754636, 16.214494246637145, 15.902998909266756, 15.733524735571807, 15.579884205813553, 15.38121110698821, 15.36543766702087, 15.258816437317936, 15.17760128267691, 15.175554347719318, 15.098071839177432, 15.098914694748212, 15.027271971232405, 15.012702610651884, 15.008548536767355, 14.978566960035531, 15.066464755273408, 14.929019093267877, 14.831127439119392, 14.807407075199036, 14.749129632876938, 14.494226026687098, 14.351843639195604, 14.160696036537894, 13.83884561644085]","[0.17767756482525365, 0.18331454340473508, 0.19909808342728297, 0.21961668545659527, 0.237880496054115, 0.26042841037204056, 0.276662908680947, 0.2956031567080045, 0.30777903043968435, 0.3158962795941375, 0.32423900789177, 0.3289740698985344, 0.33438556933483654, 0.33731679819616683, 0.3395715896279594, 0.34295377677564826, 0.343630214205186, 0.34453213077790307, 0.3458850056369786, 0.34701240135287487, 0.34813979706877113, 0.34949267192784667, 0.3488162344983089, 0.35219842164599774, 0.353325817361894, 0.35580608793686586, 0.36031567080045096, 0.3661781285231116, 0.3754227733934611, 0.3826381059751973, 0.4004509582863585]"
"(64,)",ReLu,30,0.01,0.2,0.01,0.95,256,0.679,"[19.767611271312706, 19.687397177484556, 19.21639365212225, 18.54382937693063, 17.77844529875111, 17.11701515248476, 16.61992915513548, 15.891028030369064, 15.25029395246417, 14.465643300247548, 13.729915552192642, 13.238478737964616, 12.774305617762895, 12.307000917471326, 11.995751682901112, 11.6206418215185, 11.199139250800098, 10.500912807806104, 10.126205855015396, 9.436926258417312, 8.946624154619753, 8.501187862746905, 8.224708734756856, 7.951456599420958, 7.923102502182735, 7.7217820446746765, 7.5445561473976674, 7.538516114082737, 7.388327326974221, 7.3314483051043355, 7.3928776615529515]","[0.1447576099210823, 0.15174746335963923, 0.17316798196166855, 0.20090191657271703, 0.23472378804960542, 0.26245772266065387, 0.2874859075535513, 0.31499436302142053, 0.34746335963923336, 0.3817361894024803, 0.4124013528748591, 0.43675310033821874, 0.45659526493799324, 0.4728297632468997, 0.4886133032694476, 0.5082299887260429, 0.5280721533258174, 0.552423900789177, 0.5715896279594137, 0.5993235625704623, 0.6223224351747464, 0.6428410372040586, 0.6543404735062007, 0.6633596392333709, 0.6721533258173619, 0.6793686583990981, 0.6841037204058624, 0.6877113866967306, 0.6926719278466742, 0.6967305524239008, 0.6987598647125141]"
"(64,)",ReLu,30,0.01,0.2,0,0.95,256,0.6555,"[20.55736777902032, 20.22335615711639, 19.799460008986337, 18.671358031474465, 17.315083010160166, 15.977952851096315, 15.12389934202473, 14.38351092706898, 13.724759094539632, 13.153423425493438, 12.586241830331772, 12.065296883624006, 11.674693530539527, 11.27493917411521, 11.008476405811898, 10.523292616892686, 10.307581794743847, 10.049427174209592, 9.784589913078484, 9.498922078555387, 9.29446939867331, 9.009644419720992, 8.875991607783943, 8.600317632171453, 8.264620299125976, 8.203874494060894, 7.88900773440741, 7.801170143138874, 7.641689828354536, 7.465533014062739, 7.38227092446412]","[0.11138669673055242, 0.12175873731679819, 0.14182638105975198, 0.18850056369785795, 0.24735062006764374, 0.3043968432919955, 0.34340473506200675, 0.37587373167981963, 0.40653889515219843, 0.43043968432919955, 0.4532130777903044, 0.4753100338218715, 0.4919954904171364, 0.5100338218714768, 0.5258173618940248, 0.5416009019165727, 0.5503945885005637, 0.563923337091319, 0.5758737316798196, 0.5878241262683201, 0.5975197294250282, 0.6103720405862457, 0.6178128523111612, 0.6293122886133032, 0.637880496054115, 0.6453213077790304, 0.6538895152198422, 0.6602029312288613, 0.667869222096956, 0.6744081172491545, 0.6800450958286358]"
"(64,)",ReLu,30,0.01,0.3,0.01,0.95,256,0.618,"[22.545021189953953, 22.593474691028003, 22.578969006454138, 22.44621537195771, 22.007617667724606, 21.278359770879003, 20.30797011333983, 19.4182123736598, 18.73828165919852, 18.123634082172572, 16.885062295504504, 15.366581007859809, 14.220389985258342, 13.341803912012447, 12.721383270450945, 12.352879619448505, 12.029744996383698, 11.730741935246494, 11.423855585053861, 11.1486557932106, 10.763075821868334, 10.468393080698508, 10.22663601714325, 9.964131464329391, 9.910033451761002, 9.59609313330923, 9.462662356425074, 9.422283801070094, 9.345418680400556, 9.211679686678877, 8.996945787055907]","[0.028635851183765503, 0.027508455467869224, 0.028410372040586246, 0.03517474633596392, 0.053889515219842164, 0.08432919954904171, 0.1294250281848929, 0.1657271702367531, 0.19774520856820743, 0.22683201803833145, 0.2789177001127396, 0.34317925591882753, 0.3986471251409245, 0.4335963923337091, 0.46020293122886136, 0.4773393461104848, 0.4924464487034949, 0.5050732807215332, 0.5199549041713641, 0.534836527621195, 0.5481397970687711, 0.5634723788049606, 0.5736189402480271, 0.5833145434047351, 0.5925591882750846, 0.6018038331454341, 0.6085682074408117, 0.6139797068771139, 0.6187147688838782, 0.6232243517474634, 0.6295377677564825]"
"(64,)",ReLu,30,0.01,0.3,0,0.95,256,0.7225,"[19.313072140680305, 19.148173468655276, 18.60435101359792, 17.92392575210582, 17.07234060577721, 16.125813799797832, 14.659184902681469, 12.951439108354348, 11.478127570641124, 10.494996751302414, 9.662556467224254, 9.14125029670044, 8.62277371273565, 8.194302062935677, 7.797016069254344, 7.510926806945861, 7.306474127063784, 7.15199074173475, 6.995400217478781, 6.877581049478423, 6.710153810741069, 6.594803005483693, 6.376142188837141, 6.353686108272945, 6.310399454316758, 6.24086386972789, 6.169642573997473, 6.09799985048167, 5.983913328580453, 6.001854111444076, 5.925635886258357]","[0.16189402480270576, 0.16933483652762119, 0.1948139797068771, 0.2245772266065389, 0.26065388951521984, 0.30101465614430667, 0.36437429537767757, 0.43720405862457723, 0.4989853438556934, 0.5447576099210824, 0.5790304396843292, 0.6063134160090191, 0.6254791431792559, 0.6462232243517475, 0.6613303269447576, 0.6728297632468997, 0.6825253664036076, 0.6899661781285231, 0.695152198421646, 0.7028184892897407, 0.7075535512965051, 0.7122886133032694, 0.7179255918827508, 0.7217587373167982, 0.7255918827508455, 0.7291995490417137, 0.7310033821871477, 0.7323562570462232, 0.7384441939120632, 0.740924464487035, 0.7429537767756482]"
